
INSERT INTO Departments (did,dname)
VALUES
  (1,'Production'),
  (2,'Research and Development'),
  (3,'Purchasing'),
  (4,'Marketing'),
  (5,'Human Resource Management'),
  (6,'Accounting and Finance'),
  (7,'Quality Control'),
  (8,'Maintenance'),
  (9,'Information Technology'),
  (10,'Security');

INSERT INTO Employees (eid,ename,home_num,mobile_num,office_num,email,res_date,did)
VALUES
  (1,'Jacqueline Mcfarland','66520696','98708131','82874607','dapibus.id@sed.co.uk','2021-10-10',1),
  (2,'Ralph Sims','68516838','85328924','89187151','dictum@phasellusin.com',null,2),
  (3,'Herman Perkins','68081386','85285185','86133683','suspendisse@vulputatelacus.org',null,3),
  (4,'Chase Spence','62698540','86577433','84464508','venenatis@inceptos.ca',null,4),
  (5,'Zeph Small','68548828','88428693','83836842','volutpat.ornare@consectetueripsum.co.uk',null,5),
  (6,'Hayley Townsend','64137563','95523158','86061607','malesuada.integer.id@curaedonectincidunt.org',null,6),
  (7,'Brian Meyers','67106776','93794618','80224543','mauris.blandit@ligulaaliquam.co.uk',null,7),
  (8,'Summer Webster','68587351','88534582','81015376','blandit.enim.consequat@pedecumsociis.co.uk',null,8),
  (9,'Hilel Mcconnell','61688105','91084020','83147683','mollis.integer@netusetmalesuada.net',null,9),
  (10,'Amy Strickland','65616932','97433588','88569960','egestas.hendrerit@semmolestie.ca',null,10);
INSERT INTO Employees (eid,ename,home_num,mobile_num,office_num,email,res_date,did)
VALUES
  (11,'Hollee Nicholson','65834691','81757441','81860881','lobortis.nisi@cras.com',null,1),
  (12,'Donna Pace','67912890','84328382','81815771','enim.etiam@euismodetcommodo.edu','2021-10-11',2),
  (13,'Neville Hayden','62827885','86362766','83587207','ligula@etmalesuadafames.ca',null,3),
  (14,'Flynn Bridges','66711022','82478571','84155512','magna.sed@mus.edu',null,4),
  (15,'Blossom Rosa','67124633','91347743','82263673','pellentesque.massa@mollisvitae.ca',null,5),
  (16,'Lydia Juarez','65601517','88234290','87776317','nisi.a@integeraliquamadipiscing.edu',null,6),
  (17,'Curran Morales','62196735','86258735','81336080','pede.nonummy@loremipsum.org',null,7),
  (18,'Tatum King','67377557','97238588','87889623','imperdiet.erat@nullatincidunt.ca',null,8),
  (19,'Alisa Roy','67882977','80233233','86265065','phasellus@velconvallisin.com',null,9),
  (20,'Michael Deleon','69376570','84741529','85776458','aliquet.diam@urnaut.net',null,10);
INSERT INTO Employees (eid,ename,home_num,mobile_num,office_num,email,res_date,did)
VALUES
  (21,'Leilani Cole','66028488','90775678','87752155','cras.eu@etultricesposuere.org',null,1),
  (22,'Blake Morris','62872342','97788996','85315385','mi.duis@atlibero.com',null,2),
  (23,'Angela Cardenas','65218031','89325858','80859813','aliquet.libero.integer@pharetrautpharetra.net','2021-10-12',3),
  (24,'Hilda Howard','65177272','92357658','81743172','dolor.fusce@suscipitest.org',null,4),
  (25,'Lacey Buckner','68281544','83544140','86826797','mauris.ipsum@acfermentum.com',null,5),
  (26,'Xander O''connor','65284676','93101435','88570069','ipsum.primis@quisturpisvitae.org',null,6),
  (27,'Ezra Jackson','67258426','94261204','84937487','rhoncus.donec@lobortisnisi.co.uk',null,7),
  (28,'Ramona Dejesus','66862381','98584263','87135264','justo.nec@pede.co.uk',null,8),
  (29,'Cody Gaines','63764698','98038526','86130813','urna.nullam.lobortis@ultrices.edu',null,9),
  (30,'Vincent Hunt','67220638','96694586','81817477','tempor.arcu.vestibulum@tellusjusto.ca',null,10);
INSERT INTO Employees (eid,ename,home_num,mobile_num,office_num,email,res_date,did)
VALUES
  (31,'Sylvia Wilkerson','64644563','92545185','84866296','et.magna@posuereenim.edu',null,1),
  (32,'Melanie Savage','61653864','88113663','88408951','tristique.senectus.et@eleifendnecmalesuada.ca',null,2),
  (33,'Rose Byers','62442127','92608390','85222112','massa.lobortis.ultrices@acmattisvelit.co.uk',null,3),
  (34,'Quinn Briggs','66678327','83825881','81442052','rutrum@suscipit.com','2021-10-13',4),
  (35,'Alana Shelton','63735269','81622382','83135466','pellentesque.habitant@dictum.net',null,5),
  (36,'Akeem Day','68102804','91256732','88457422','sagittis.felis@lacusvarius.net',null,6),
  (37,'Jasmine Richard','68963744','95256751','85642773','mollis.vitae@necluctus.org',null,7),
  (38,'Walter Jones','62287011','93116675','84334354','lacus.varius@inornaresagittis.org',null,8),
  (39,'Chase Knowles','68427367','82371742','86624764','at.velit@necurnasuscipit.edu',null,9),
  (40,'Keaton Hooper','63894967','90680837','82766831','nibh.aliquam@atpretiumaliquet.co.uk',null,10);
INSERT INTO Employees (eid,ename,home_num,mobile_num,office_num,email,res_date,did)
VALUES
  (41,'Kitra Shelton','62449933','97821965','86555282','phasellus.fermentum.convallis@velest.org',null,1),
  (42,'Conan Hancock','62614404','84324872','84778383','consectetuer.adipiscing.elit@in.net',null,2),
  (43,'Hammett Hewitt','68886492','87504464','87919925','feugiat@a.edu',null,3),
  (44,'Fuller Arnold','66507721','94724028','88123731','dictum.mi.ac@atvelitpellentesque.co.uk',null,4),
  (45,'Mercedes Vega','61397876','91371424','87292368','curabitur@molestie.org','2021-10-13',5),
  (46,'Serina Schmidt','67944129','87784449','81154336','porttitor.interdum@pharetranibh.net',null,6),
  (47,'Myra Heath','62868478','90736575','88571525','egestas@estvitae.net',null,7),
  (48,'Devin Meyers','68887596','84580410','84332705','metus.aenean.sed@massa.org',null,8),
  (49,'Lionel Kim','65061442','93698486','83591886','nulla.dignissim@massa.co.uk',null,9),
  (50,'Yen Wynn','63251815','86165236','87571781','tristique.aliquet@arcu.co.uk',null,10);
INSERT INTO Employees (eid,ename,home_num,mobile_num,office_num,email,res_date,did)
VALUES
  (51,'Nerea Reid','61035816','94323881','85747987','ullamcorper.magna@duisa.ca',null,1),
  (52,'Aiko Moses','69358685','95418581','83566084','nisi@uttinciduntorci.co.uk',null,2),
  (53,'Byron Nguyen','67423105','81629088','81154807','eget.odio@proinvelit.edu',null,3),
  (54,'Julian Porter','64264625','97137391','87673466','pharetra.nam@maurismolestie.com',null,4),
  (55,'Brendan Ratliff','63427433','90713132','80362622','fringilla@tellus.org',null,5),
  (56,'Chaim Reynolds','63775956','81657452','87346656','cursus.non@duis.ca','2021-10-14',6),
  (57,'Amos Mathis','62363222','86393779','86774658','massa.lobortis@suspendissedui.edu',null,7),
  (58,'Lamar Lindsey','66555841','83167785','88753388','lorem.ut@quampellentesque.ca',null,8),
  (59,'Kyra Carrillo','66875539','87280566','82405978','elit.pede@laciniaatiaculis.co.uk',null,9),
  (60,'Eve Decker','69381889','86383114','85816345','mi.pede@egestasadui.com',null,10);
INSERT INTO Employees (eid,ename,home_num,mobile_num,office_num,email,res_date,did)
VALUES
  (61,'Harrison Foster','64251768','92711570','85665121','nibh@tinciduntorciquis.com',null,1),
  (62,'Mariko Mack','65374464','82443361','87275612','magnis.dis@necdiamduis.ca',null,2),
  (63,'Mara Rhodes','64064648','82136193','87458887','amet.faucibus@venenatislacus.com',null,3),
  (64,'Charissa Dotson','61653514','84225674','80811358','et.magnis@posuerecubilia.edu',null,4),
  (65,'Dale Pierce','60824728','94220116','86083889','interdum.libero@utnulla.com',null,5),
  (66,'Samuel Kline','68652842','97515532','88218246','venenatis@a.net',null,6),
  (67,'Justine Bradley','63784479','87876797','82986899','turpis.egestas@aliquamornarelibero.net','2021-10-15',7),
  (68,'Carol Hudson','61393001','96281444','83574927','taciti.sociosqu@egestasligula.co.uk',null,8),
  (69,'Ryder Malone','60464116','81500611','85433345','tortor.at.risus@ultrices.com',null,9),
  (70,'Heidi Parrish','60150855','96767202','85812338','quis.pede@auctorvelit.ca',null,10);
INSERT INTO Employees (eid,ename,home_num,mobile_num,office_num,email,res_date,did)
VALUES
  (71,'Fallon Whitfield','65916620','95831284','88218256','eu.accumsan@risusdonecnibh.co.uk',null,1),
  (72,'Xavier Acevedo','67441775','85352875','85811484','amet@ligula.com',null,2),
  (73,'Liberty Roman','60042215','92760642','87358481','odio.nam.interdum@dictumsapien.edu',null,3),
  (74,'Yardley Rhodes','60001281','82522726','84574202','dolor.elit@luctusaliquet.ca',null,4),
  (75,'Carl Whitaker','61396736','85806583','84023438','vehicula.et@laciniasedcongue.org',null,5),
  (76,'Merritt Fulton','64915772','89267270','84352862','sodales.elit@maurisid.org',null,6),
  (77,'Indigo Santos','65224728','86921612','88870111','elit@orciquis.com',null,7),
  (78,'August Glenn','64775824','91298507','82262311','cursus.nunc.mauris@tempuslorem.com','2021-10-15',8),
  (79,'Drake Tyson','65643150','85526965','87832858','sem.elit@ametconsectetueradipiscing.co.uk',null,9),
  (80,'Kirby Barker','67631635','96528531','89113107','erat.etiam.vestibulum@nisi.org',null,10);
INSERT INTO Employees (eid,ename,home_num,mobile_num,office_num,email,res_date,did)
VALUES
  (81,'Lewis Hall','66170755','86691825','87427686','per.inceptos.hymenaeos@eleifendnuncrisus.ca',null,1),
  (82,'Kelsie Simon','63937727','94478710','88839941','ipsum.suspendisse@nisidictumaugue.co.uk',null,2),
  (83,'Denise Cervantes','66239825','89349818','85025114','lobortis@ligulaconsectetuer.co.uk',null,3),
  (84,'Matthew Houston','61162587','92724335','89332146','sed@erat.org',null,4),
  (85,'Ariel Hinton','66516850','97771726','88122441','praesent.eu@urnanunc.net',null,5),
  (86,'Imogene Hoffman','61112330','88875506','87542959','velit.sed@vulputateveliteu.org',null,6),
  (87,'Madonna Erickson','64747278','83226874','84505574','volutpat.nunc@nulla.ca',null,7),
  (88,'Leah Berry','61881554','89109085','86761322','et.rutrum@felisorciadipiscing.org',null,8),
  (89,'Curran Harrell','64228485','94843641','87887977','eget@lectusrutrumurna.ca','2021-10-15',9),
  (90,'Stacey Garner','69534134','86283262','86647245','libero.integer@adlitoratorquent.co.uk',null,10);
INSERT INTO Employees (eid,ename,home_num,mobile_num,office_num,email,res_date,did)
VALUES
  (91,'Dustin Underwood','60267983','87221547','88493821','interdum.ligula@maurisid.edu',null,1),
  (92,'Damon Castillo','68341676','93919348','81822674','magna.nam@porttitorvulputate.co.uk',null,2),
  (93,'Sage Dennis','67753344','98561537','85248856','quis.accumsan@tortornibh.org',null,3),
  (94,'Colt Booker','61373973','80197556','88626955','interdum@aliquet.net',null,4),
  (95,'Regan Baxter','64761737','89414223','80941816','ante.dictum@arcueu.edu',null,5),
  (96,'Devin Shannon','61872263','92395841','86173783','eu.erat@tinciduntneque.ca',null,6),
  (97,'Ava Ramirez','68656261','90789787','84328271','consectetuer.adipiscing@orciut.co.uk',null,7),
  (98,'Lars Burton','65867645','94991789','82702070','odio@netuset.com',null,8),
  (99,'Emerson Rogers','61241538','94452131','85626596','integer.vitae@convallis.co.uk',null,9),
  (100,'Hanna House','67367265','93772832','81554374','facilisis@ut.net','2021-10-16',10);


INSERT INTO Juniors (eid)
VALUES
  (1),
  (2),
  (3),
  (4),
  (5),
  (6),
  (7),
  (8),
  (9),
  (10),
  (11),
  (12),
  (13),
  (14),
  (15),
  (16),
  (17),
  (18),
  (19),
  (20),
  (21),
  (22),
  (23),
  (24),
  (25),
  (26),
  (27),
  (28),
  (29),
  (30),
  (31),
  (32),
  (33),
  (34),
  (35),
  (36),
  (37),
  (38),
  (39),
  (40),
  (41),
  (42),
  (43),
  (44),
  (45),
  (46),
  (47),
  (48),
  (49),
  (50);

INSERT INTO Bookers (eid)
VALUES
  (51),
  (52),
  (53),
  (54),
  (55),
  (56),
  (57),
  (58),
  (59),
  (60),
  (61),
  (62),
  (63),
  (64),
  (65),
  (66),
  (67),
  (68),
  (69),
  (70),
  (71),
  (72),
  (73),
  (74),
  (75),
  (76),
  (77),
  (78),
  (79),
  (80),
  (81),
  (82),
  (83),
  (84),
  (85),
  (86),
  (87),
  (88),
  (89),
  (90),
  (91),
  (92),
  (93),
  (94),
  (95),
  (96),
  (97),
  (98),
  (99),
  (100);

INSERT INTO Seniors (eid)
VALUES
  (51),
  (52),
  (53),
  (54),
  (55),
  (56),
  (57),
  (58),
  (59),
  (60),
  (61),
  (62),
  (63),
  (64),
  (65),
  (66),
  (67),
  (68),
  (69),
  (70),
  (71),
  (72),
  (73),
  (74),
  (75),
  (76),
  (77),
  (78),
  (79),
  (80);

INSERT INTO Managers (eid)
VALUES
  (81),
  (82),
  (83),
  (84),
  (85),
  (86),
  (87),
  (88),
  (89),
  (90),
  (91),
  (92),
  (93),
  (94),
  (95),
  (96),
  (97),
  (98),
  (99),
  (100);

INSERT INTO MeetingRooms (floor_num,room_num,rname,did)
VALUES
  (1,1,'Mauris Aliquam PC',1),
  (1,2,'Elementum Sem Limited',2),
  (1,3,'Laoreet Libero Et Limited',3),
  (1,4,'Aliquet Incorporated',4),
  (1,5,'Porttitor Interdum Corporation',5),
  (1,6,'Sit Amet Foundation',6),
  (1,7,'Suscipit Incorporated',7),
  (1,8,'Arcu Vel Industries',8),
  (1,9,'Ut Inc.',9),
  (1,10,'Laoreet Libero Et Limited',10),
  (2,1,'Mauris Consulting',1),
  (2,2,'Suscipit Incorporated',2),
  (2,3,'Iaculis Nec Corp.',3),
  (2,4,'Ante Iaculis Nec Associates',4),
  (2,5,'Auctor Velit Institute',5),
  (2,6,'Duis Gravida Associates',6),
  (2,7,'Lobortis Augue Corporation',7),
  (2,8,'Ut Inc.',8),
  (2,9,'At Company',9),
  (2,10,'Fermentum Arcu Company',10);



INSERT INTO Updates (date,new_cap,floor_num,room_num,eid)
VALUES

-- Sets the original capacity of meeting rooms
  ('2021-10-10',34,1,1,81),
  ('2021-10-10',11,1,2,82),
  ('2021-10-10',22,1,3,83),
  ('2021-10-10',15,1,4,84),
  ('2021-10-10',27,1,5,85),
  ('2021-10-10',30,1,6,86),
  ('2021-10-10',14,1,7,87),
  ('2021-10-10',18,1,8,88),
  ('2021-10-10',24,1,9,89),
  ('2021-10-10',19,1,10,90),
  ('2021-10-10',38,2,1,91),
  ('2021-10-10',17,2,2,92),
  ('2021-10-10',15,2,3,93),
  ('2021-10-10',28,2,4,94),
  ('2021-10-10',19,2,5,95),
  ('2021-10-10',15,2,6,96),
  ('2021-10-10',30,2,7,97),
  ('2021-10-10',39,2,8,98),
  ('2021-10-10',27,2,9,99),
  ('2021-10-10',42,2,10,100),

-- Modifications to meeting room capacity
  ('2021-10-11',17,2,1,81),
  ('2021-10-11',40,2,2,82),
  ('2021-10-12',47,2,3,83),
  ('2021-10-13',32,2,4,84),
  ('2021-10-14',10,2,5,85),
  ('2021-10-16',42,2,6,86),
  ('2021-10-16',24,2,7,87),
  ('2021-10-17',16,2,8,88),
  ('2021-10-17',15,2,9,89),
  ('2021-10-17',25,2,10,90);

INSERT INTO HealthDeclarations (date,temp,eid)
VALUES
  ('2021-10-10',37.2,2),
  ('2021-10-10',37.0,3),
  ('2021-10-10',34.1,4),
  ('2021-10-10',36.6,5),
  ('2021-10-10',34.5,6),
  ('2021-10-10',37.1,7),
  ('2021-10-10',36.1,8),
  ('2021-10-10',36.1,9),
  ('2021-10-10',36.7,10),
  ('2021-10-10',37.1,11),
  ('2021-10-10',34.2,12),
  ('2021-10-10',36.4,13),
  ('2021-10-10',35.3,14),
  ('2021-10-10',36.7,15),
  ('2021-10-10',34.1,16),
  ('2021-10-10',35.2,17),
  ('2021-10-10',37.1,18),
  ('2021-10-10',35.4,19),
  ('2021-10-10',36.5,20),
  ('2021-10-10',36.7,21),
  ('2021-10-10',36.2,22),
  ('2021-10-10',34.9,23),
  ('2021-10-10',35.0,24),
  ('2021-10-10',34.9,25),
  ('2021-10-10',36.5,26),
  ('2021-10-10',34.9,27),
  ('2021-10-10',37.2,28),
  ('2021-10-10',37.5,29),
  ('2021-10-10',37.4,30),
  ('2021-10-10',35.7,31),
  ('2021-10-10',36.8,32),
  ('2021-10-10',34.1,33),
  ('2021-10-10',36.2,34),
  ('2021-10-10',37.0,35),
  ('2021-10-10',35.0,36),
  ('2021-10-10',34.3,37),
  ('2021-10-10',37.5,38),
  ('2021-10-10',34.6,39),
  ('2021-10-10',36.3,40),
  ('2021-10-10',34.5,41),
  ('2021-10-10',37.2,42),
  ('2021-10-10',37.1,43),
  ('2021-10-10',37.3,44),
  ('2021-10-10',37.2,45),
  ('2021-10-10',36.2,46),
  ('2021-10-10',35.6,47),
  ('2021-10-10',34.9,48),
  ('2021-10-10',36.1,49),
  ('2021-10-10',34.1,50),
  ('2021-10-10',37.0,51),
  ('2021-10-10',36.6,52),
  ('2021-10-10',37.2,53),
  ('2021-10-10',34.8,54), 
  ('2021-10-10',36.1,55),
  ('2021-10-10',35.3,56),
  ('2021-10-10',36.6,57),
  ('2021-10-10',35.1,58),
  ('2021-10-10',37.3,59),
  ('2021-10-10',37.0,60),
  ('2021-10-10',36.7,61),
  ('2021-10-10',34.2,62),
  ('2021-10-10',34.6,63),
  ('2021-10-10',34.1,64),
  ('2021-10-10',36.3,65),
  ('2021-10-10',34.5,66),
  ('2021-10-10',34.6,67),
  ('2021-10-10',36.8,68),
  ('2021-10-10',37.1,69),
  ('2021-10-10',34.0,70),
  ('2021-10-10',34.5,71),
  ('2021-10-10',34.6,72),
  ('2021-10-10',35.9,73),
  ('2021-10-10',37.2,74),
  ('2021-10-10',37.3,75),
  ('2021-10-10',34.9,76),
  ('2021-10-10',34.8,77),
  ('2021-10-10',36.4,78),
  ('2021-10-10',34.5,79),
  ('2021-10-10',34.0,80),
  ('2021-10-10',34.3,81),
  ('2021-10-10',34.8,82),
  ('2021-10-10',35.8,83),
  ('2021-10-10',35.3,84),
  ('2021-10-10',36.1,85),
  ('2021-10-10',37.0,86),
  ('2021-10-10',34.0,87),
  ('2021-10-10',36.1,88),
  ('2021-10-10',34.8,89),
  ('2021-10-10',37.0,90),
  ('2021-10-10',36.1,91),
  ('2021-10-10',34.9,92),
  ('2021-10-10',35.0,93),
  ('2021-10-10',36.1,94),
  ('2021-10-10',34.1,95),
  ('2021-10-10',36.0,96),
  ('2021-10-10',35.2,97),
  ('2021-10-10',36.9,98),
  ('2021-10-10',37.4,99),

  ('2021-10-11',37.0,2),
  ('2021-10-11',34.4,3),
  ('2021-10-11',36.8,4),
  ('2021-10-11',36.7,5),
  ('2021-10-11',37.2,6),
  ('2021-10-11',34.6,7),
  ('2021-10-11',35.1,8),
  ('2021-10-11',35.2,9),
  ('2021-10-11',37.1,10),
  ('2021-10-11',36.0,11),
  ('2021-10-11',35.4,13),
  ('2021-10-11',37.0,14),
  ('2021-10-11',35.6,15),
  ('2021-10-11',36.4,16),
  ('2021-10-11',35.5,17),
  ('2021-10-11',35.2,18),
  ('2021-10-11',35.0,19),
  ('2021-10-11',36.3,20),
  ('2021-10-11',34.7,21),
  ('2021-10-11',34.5,22),
  ('2021-10-11',34.2,23),
  ('2021-10-11',35.5,24),
  ('2021-10-11',34.7,25),
  ('2021-10-11',37.2,26),
  ('2021-10-11',34.6,27),
  ('2021-10-11',35.9,28),
  ('2021-10-11',34.5,29),
  ('2021-10-11',34.2,30),
  ('2021-10-11',36.9,31),
  ('2021-10-11',35.1,32),
  ('2021-10-11',35.0,33),
  ('2021-10-11',36.1,34),
  ('2021-10-11',36.7,35),
  ('2021-10-11',37.1,36),
  ('2021-10-11',34.1,37),
  ('2021-10-11',37.2,38),
  ('2021-10-11',35.1,39),
  ('2021-10-11',34.4,40),
  ('2021-10-11',36.5,41),
  ('2021-10-11',35.9,42),
  ('2021-10-11',35.6,43),
  ('2021-10-11',36.0,44),
  ('2021-10-11',35.5,45),
  ('2021-10-11',36.7,46),
  ('2021-10-11',35.0,47),
  ('2021-10-11',37.4,48),
  ('2021-10-11',34.8,49),
  ('2021-10-11',37.1,50),
  ('2021-10-11',35.8,51),
  ('2021-10-11',35.8,52),
  ('2021-10-11',35.4,53),
  ('2021-10-11',37.4,54),
  ('2021-10-11',34.1,55),
  ('2021-10-11',34.0,56),
  ('2021-10-11',35.0,57),
  ('2021-10-11',34.6,58),
  ('2021-10-11',37.4,59),
  ('2021-10-11',35.4,60),
  ('2021-10-11',35.5,61),
  ('2021-10-11',34.3,62),
  ('2021-10-11',37.3,63),
  ('2021-10-11',36.2,64),
  ('2021-10-11',36.3,65),
  ('2021-10-11',34.3,66),
  ('2021-10-11',37.2,67),
  ('2021-10-11',34.2,68),
  ('2021-10-11',34.4,69),
  ('2021-10-11',37.3,70),
  ('2021-10-11',34.5,71),
  ('2021-10-11',34.0,72),
  ('2021-10-11',35.5,73),
  ('2021-10-11',34.8,74),
  ('2021-10-11',36.5,75),
  ('2021-10-11',34.3,76),
  ('2021-10-11',36.7,77),
  ('2021-10-11',37.2,78),
  ('2021-10-11',36.4,79),
  ('2021-10-11',36.6,80),
  ('2021-10-11',35.6,81),
  ('2021-10-11',37.0,82),
  ('2021-10-11',37.1,83),
  ('2021-10-11',36.3,84),
  ('2021-10-11',36.8,85),
  ('2021-10-11',36.0,86),
  ('2021-10-11',35.5,87),
  ('2021-10-11',35.1,88),
  ('2021-10-11',35.9,89),
  ('2021-10-11',37.3,90),
  ('2021-10-11',34.1,91),
  ('2021-10-11',34.7,92),
  ('2021-10-11',36.1,93),
  ('2021-10-11',35.5,94),
  ('2021-10-11',36.9,95),
  ('2021-10-11',36.9,96),
  ('2021-10-11',36.6,97),
  ('2021-10-11',35.0,98),
  ('2021-10-11',37.2,99),
  ('2021-10-11',36.3,100),

  ('2021-10-12',36.5,2),
  ('2021-10-12',36.2,3),
  ('2021-10-12',35.1,4),
  ('2021-10-12',36.8,5),
  ('2021-10-12',35.1,6),
  ('2021-10-12',36.4,7),
  ('2021-10-12',34.8,8),
  ('2021-10-12',36.8,9),
  ('2021-10-12',35.6,10),
  ('2021-10-12',37.5,11),
  ('2021-10-12',37.0,13),
  ('2021-10-12',36.4,14),
  ('2021-10-12',36.6,15),
  ('2021-10-12',34.9,16),
  ('2021-10-12',36.0,17),
  ('2021-10-12',35.7,18),
  ('2021-10-12',37.4,19),
  ('2021-10-12',35.5,20),
  ('2021-10-12',35.6,21),
  ('2021-10-12',34.6,22),
  ('2021-10-12',35.5,24),
  ('2021-10-12',36.3,25),
  ('2021-10-12',36.3,26),
  ('2021-10-12',34.1,27),
  ('2021-10-12',36.3,28),
  ('2021-10-12',36.4,29),
  ('2021-10-12',35.5,30),
  ('2021-10-12',36.4,31),
  ('2021-10-12',34.4,32),
  ('2021-10-12',37.4,33),
  ('2021-10-12',35.8,34),
  ('2021-10-12',34.9,35),
  ('2021-10-12',34.0,36),
  ('2021-10-12',35.2,37),
  ('2021-10-12',34.0,38),
  ('2021-10-12',35.3,39),
  ('2021-10-12',37.1,40),
  ('2021-10-12',34.7,41),
  ('2021-10-12',35.1,42),
  ('2021-10-12',37.2,43),
  ('2021-10-12',36.0,44),
  ('2021-10-12',35.3,45),
  ('2021-10-12',35.0,46),
  ('2021-10-12',35.9,47),
  ('2021-10-12',35.6,48),
  ('2021-10-12',35.6,49),
  ('2021-10-12',36.5,50),
  ('2021-10-12',36.8,51),
  ('2021-10-12',35.8,52),
  ('2021-10-12',35.7,53),
  ('2021-10-12',36.4,54),
  ('2021-10-12',36.6,55),
  ('2021-10-12',37.2,56),
  ('2021-10-12',34.8,57),
  ('2021-10-12',36.7,58),
  ('2021-10-12',34.5,59),
  ('2021-10-12',36.6,60),
  ('2021-10-12',36.1,61),
  ('2021-10-12',34.8,62),
  ('2021-10-12',34.1,63),
  ('2021-10-12',37.4,64),
  ('2021-10-12',36.8,65),
  ('2021-10-12',36.7,66),
  ('2021-10-12',35.3,67),
  ('2021-10-12',34.5,68),
  ('2021-10-12',34.4,69),
  ('2021-10-12',34.9,70),
  ('2021-10-12',34.2,71),
  ('2021-10-12',34.2,72),
  ('2021-10-12',35.1,73),
  ('2021-10-12',36.3,74),
  ('2021-10-12',35.2,75),
  ('2021-10-12',37.3,76),
  ('2021-10-12',36.3,77),
  ('2021-10-12',34.7,78),
  ('2021-10-12',34.9,79),
  ('2021-10-12',36.8,80),
  ('2021-10-12',35.1,81),
  ('2021-10-12',35.9,82),
  ('2021-10-12',36.6,83),
  ('2021-10-12',35.6,84),
  ('2021-10-12',36.3,85),
  ('2021-10-12',36.3,86),
  ('2021-10-12',34.4,87),
  ('2021-10-12',35.2,88),
  ('2021-10-12',34.3,89),
  ('2021-10-12',36.4,90),
  ('2021-10-12',34.5,91),
  ('2021-10-12',37.2,92),
  ('2021-10-12',36.0,93),
  ('2021-10-12',35.1,94),
  ('2021-10-12',35.6,95),
  ('2021-10-12',34.3,96),
  ('2021-10-12',34.5,97),
  ('2021-10-12',36.1,98),
  ('2021-10-12',36.7,99),
  ('2021-10-12',36.8,100),

  ('2021-10-13',36.0,2),
  ('2021-10-13',36.2,3),
  ('2021-10-13',36.0,4),
  ('2021-10-13',35.4,5),
  ('2021-10-13',34.5,6),
  ('2021-10-13',34.2,7),
  ('2021-10-13',34.5,8),
  ('2021-10-13',34.3,9),
  ('2021-10-13',34.3,10),
  ('2021-10-13',34.9,11),
  ('2021-10-13',36.8,13),
  ('2021-10-13',34.8,14),
  ('2021-10-13',37.0,15),
  ('2021-10-13',34.1,16),
  ('2021-10-13',35.9,17),
  ('2021-10-13',34.9,18),
  ('2021-10-13',34.9,19),
  ('2021-10-13',36.0,20),
  ('2021-10-13',37.0,21),
  ('2021-10-13',35.7,22),
  ('2021-10-13',34.8,24),
  ('2021-10-13',34.4,25),
  ('2021-10-13',34.6,26),
  ('2021-10-13',35.6,27),
  ('2021-10-13',36.8,28),
  ('2021-10-13',37.4,29),
  ('2021-10-13',34.8,30),
  ('2021-10-13',34.8,31),
  ('2021-10-13',35.8,32),
  ('2021-10-13',36.5,33),
  ('2021-10-13',35.5,35),
  ('2021-10-13',37.1,36),
  ('2021-10-13',36.8,37),
  ('2021-10-13',37.4,38),
  ('2021-10-13',35.1,39),
  ('2021-10-13',36.0,40),
  ('2021-10-13',34.3,41),
  ('2021-10-13',34.7,42),
  ('2021-10-13',36.9,43),
  ('2021-10-13',36.9,44),
  ('2021-10-13',34.2,46),
  ('2021-10-13',36.6,47),
  ('2021-10-13',34.3,48),
  ('2021-10-13',37.3,49),
  ('2021-10-13',34.2,50),
  ('2021-10-13',34.2,51),
  ('2021-10-13',35.9,52),
  ('2021-10-13',37.1,53),
  ('2021-10-13',34.9,54),
  ('2021-10-13',36.1,55),
  ('2021-10-13',36.2,56),
  ('2021-10-13',35.0,57),
  ('2021-10-13',34.6,58),
  ('2021-10-13',37.3,59),
  ('2021-10-13',35.6,60),
  ('2021-10-13',36.8,61),
  ('2021-10-13',34.2,62),
  ('2021-10-13',36.2,63),
  ('2021-10-13',35.4,64),
  ('2021-10-13',36.6,65),
  ('2021-10-13',35.0,66),
  ('2021-10-13',35.5,67),
  ('2021-10-13',34.3,68),
  ('2021-10-13',36.5,69),
  ('2021-10-13',35.3,70),
  ('2021-10-13',37.0,71),
  ('2021-10-13',35.1,72),
  ('2021-10-13',37.0,73),
  ('2021-10-13',36.6,74),
  ('2021-10-13',34.2,75),  
  ('2021-10-13',36.6,76),
  ('2021-10-13',35.3,77),
  ('2021-10-13',35.6,78),
  ('2021-10-13',36.0,79),
  ('2021-10-13',36.1,80),
  ('2021-10-13',35.0,81),
  ('2021-10-13',37.0,82),
  ('2021-10-13',36.7,83),
  ('2021-10-13',36.2,84),
  ('2021-10-13',37.1,85),
  ('2021-10-13',35.7,86),
  ('2021-10-13',37.4,87),
  ('2021-10-13',34.8,88),
  ('2021-10-13',34.2,89),
  ('2021-10-13',34.0,90),
  ('2021-10-13',34.4,91),
  ('2021-10-13',35.2,92),
  ('2021-10-13',34.9,93),
  ('2021-10-13',36.8,94),
  ('2021-10-13',36.8,95),
  ('2021-10-13',36.2,96),
  ('2021-10-13',36.1,97),
  ('2021-10-13',34.2,98),
  ('2021-10-13',34.4,99),
  ('2021-10-13',36.1,100),

  ('2021-10-14',34.0,2),
  ('2021-10-14',36.3,3),
  ('2021-10-14',36.6,4),
  ('2021-10-14',35.7,5),
  ('2021-10-14',35.4,6),
  ('2021-10-14',35.0,7),
  ('2021-10-14',37.3,8),
  ('2021-10-14',36.7,9),
  ('2021-10-14',36.6,10),
  ('2021-10-14',35.2,11),
  ('2021-10-14',34.3,13),
  ('2021-10-14',36.8,14),
  ('2021-10-14',37.1,15),
  ('2021-10-14',36.3,16),
  ('2021-10-14',35.8,17),
  ('2021-10-14',35.9,18),
  ('2021-10-14',36.1,19),
  ('2021-10-14',34.5,20),
  ('2021-10-14',35.0,21),
  ('2021-10-14',35.4,22),
  ('2021-10-14',34.3,24),
  ('2021-10-14',36.1,25),
  ('2021-10-14',35.7,26),
  ('2021-10-14',35.9,27),
  ('2021-10-14',36.8,28),
  ('2021-10-14',34.8,29),
  ('2021-10-14',36.6,30),
  ('2021-10-14',35.5,31),
  ('2021-10-14',34.2,32),
  ('2021-10-14',36.1,33),
  ('2021-10-14',37.3,35),
  ('2021-10-14',37.0,36),
  ('2021-10-14',34.4,37),
  ('2021-10-14',37.4,38),
  ('2021-10-14',34.4,39),
  ('2021-10-14',36.8,40),
  ('2021-10-14',35.6,41),
  ('2021-10-14',34.8,42),
  ('2021-10-14',35.7,43),
  ('2021-10-14',34.3,44),
  ('2021-10-14',37.4,46),
  ('2021-10-14',35.1,47),
  ('2021-10-14',36.6,48),
  ('2021-10-14',34.4,49),
  ('2021-10-14',35.6,50),
  ('2021-10-14',34.2,51),
  ('2021-10-14',37.5,52),
  ('2021-10-14',37.4,53),
  ('2021-10-14',34.0,54),
  ('2021-10-14',35.8,55),
  ('2021-10-14',36.0,57),
  ('2021-10-14',35.1,58),
  ('2021-10-14',36.6,59),
  ('2021-10-14',34.5,60),
  ('2021-10-14',34.4,61),
  ('2021-10-14',37.4,62),
  ('2021-10-14',36.6,63),
  ('2021-10-14',36.1,64),
  ('2021-10-14',34.7,65),
  ('2021-10-14',36.7,66),
  ('2021-10-14',34.7,67),
  ('2021-10-14',36.1,68),
  ('2021-10-14',34.0,69),
  ('2021-10-14',37.5,70),
  ('2021-10-14',35.2,71),
  ('2021-10-14',36.5,72),
  ('2021-10-14',37.4,73),
  ('2021-10-14',34.5,74),
  ('2021-10-14',37.2,75),
  ('2021-10-14',34.7,76),
  ('2021-10-14',35.5,77),
  ('2021-10-14',36.3,78),
  ('2021-10-14',36.8,79),
  ('2021-10-14',36.4,80),
  ('2021-10-14',35.9,81),
  ('2021-10-14',35.8,82),
  ('2021-10-14',37.1,83),
  ('2021-10-14',35.3,84),
  ('2021-10-14',37.4,85),
  ('2021-10-14',34.3,86),
  ('2021-10-14',34.8,87),
  ('2021-10-14',34.4,88),
  ('2021-10-14',37.1,89),
  ('2021-10-14',35.6,90),
  ('2021-10-14',35.7,91),
  ('2021-10-14',34.7,92),
  ('2021-10-14',36.5,93),
  ('2021-10-14',34.4,94),
  ('2021-10-14',34.7,95),
  ('2021-10-14',37.4,96),
  ('2021-10-14',34.2,97),
  ('2021-10-14',35.0,98),
  ('2021-10-14',36.6,99),
  ('2021-10-14',34.2,100),

  ('2021-10-15',36.7,2),
  ('2021-10-15',37.2,3),
  ('2021-10-15',35.1,4),
  ('2021-10-15',36.1,5),
  ('2021-10-15',36.1,6),
  ('2021-10-15',36.1,7),
  ('2021-10-15',34.6,8),
  ('2021-10-15',35.7,9),
  ('2021-10-15',35.4,10),
  ('2021-10-15',34.3,11),
  ('2021-10-15',37.2,13),
  ('2021-10-15',37.1,14),
  ('2021-10-15',34.5,15),
  ('2021-10-15',34.3,16),
  ('2021-10-15',36.6,17),
  ('2021-10-15',36.0,18),
  ('2021-10-15',34.5,19),
  ('2021-10-15',34.9,20),
  ('2021-10-15',37.3,21),
  ('2021-10-15',37.2,22),
  ('2021-10-15',35.7,24),
  ('2021-10-15',36.4,25),
  ('2021-10-15',35.2,26),
  ('2021-10-15',34.2,27),
  ('2021-10-15',37.1,28),
  ('2021-10-15',36.6,29),
  ('2021-10-15',34.6,30),
  ('2021-10-15',34.0,31),
  ('2021-10-15',35.2,32),
  ('2021-10-15',36.1,33),
  ('2021-10-15',37.0,35),
  ('2021-10-15',34.5,36),
  ('2021-10-15',34.1,37),
  ('2021-10-15',35.4,38),
  ('2021-10-15',36.0,39),
  ('2021-10-15',35.1,40),
  ('2021-10-15',36.2,41),
  ('2021-10-15',36.5,42),
  ('2021-10-15',34.2,43),
  ('2021-10-15',34.5,44),
  ('2021-10-15',34.1,46),
  ('2021-10-15',36.6,47),
  ('2021-10-15',37.5,48),
  ('2021-10-15',35.5,49),
  ('2021-10-15',36.6,50),
  ('2021-10-15',35.7,51),
  ('2021-10-15',36.7,52),
  ('2021-10-15',35.3,53),
  ('2021-10-15',35.6,54),
  ('2021-10-15',36.8,55),
  ('2021-10-15',34.9,57),
  ('2021-10-15',37.1,58),
  ('2021-10-15',36.2,59),
  ('2021-10-15',34.7,60),
  ('2021-10-15',36.9,61),
  ('2021-10-15',37.4,62),
  ('2021-10-15',36.7,63),
  ('2021-10-15',34.7,64),
  ('2021-10-15',35.9,65),
  ('2021-10-15',36.1,66),
  ('2021-10-15',35.7,68),
  ('2021-10-15',34.5,69),
  ('2021-10-15',35.6,70),
  ('2021-10-15',35.0,71),
  ('2021-10-15',34.4,72),
  ('2021-10-15',35.1,73),
  ('2021-10-15',36.7,74),
  ('2021-10-15',35.3,75),
  ('2021-10-15',35.3,76),
  ('2021-10-15',37.3,77),
  ('2021-10-15',37.4,79),
  ('2021-10-15',37.3,80),
  ('2021-10-15',36.3,81),
  ('2021-10-15',37.1,82),
  ('2021-10-15',37.4,83),
  ('2021-10-15',34.6,84),
  ('2021-10-15',35.2,85),
  ('2021-10-15',36.3,86),
  ('2021-10-15',34.5,87),
  ('2021-10-15',37.2,88),
  ('2021-10-15',36.4,90),
  ('2021-10-15',37.3,91),
  ('2021-10-15',35.4,92),
  ('2021-10-15',35.3,93),
  ('2021-10-15',37.3,94),
  ('2021-10-15',37.4,95),
  ('2021-10-15',37.0,96),
  ('2021-10-15',35.9,97),
  ('2021-10-15',36.8,98),
  ('2021-10-15',37.2,99),
  ('2021-10-15',35.6,100),

  ('2021-10-16',34.3,2),
  ('2021-10-16',37.2,3),
  ('2021-10-16',37.5,4),
  ('2021-10-16',34.7,5),
  ('2021-10-16',36.8,6),
  ('2021-10-16',35.4,7),
  ('2021-10-16',37.5,8),
  ('2021-10-16',34.2,9),
  ('2021-10-16',34.4,10),
  ('2021-10-16',37.4,11),
  ('2021-10-16',35.7,13),
  ('2021-10-16',34.7,14),
  ('2021-10-16',37.4,15),
  ('2021-10-16',37.4,16),
  ('2021-10-16',35.7,17),
  ('2021-10-16',36.9,18),
  ('2021-10-16',35.6,19),
  ('2021-10-16',37.3,20),
  ('2021-10-16',35.6,21),
  ('2021-10-16',36.7,22),
  ('2021-10-16',35.1,24),
  ('2021-10-16',37.3,25),
  ('2021-10-16',35.7,26),
  ('2021-10-16',34.8,27),
  ('2021-10-16',36.2,28),
  ('2021-10-16',37.5,29),
  ('2021-10-16',35.3,30),
  ('2021-10-16',34.4,31),
  ('2021-10-16',34.3,32),
  ('2021-10-16',34.2,33),
  ('2021-10-16',34.6,35),
  ('2021-10-16',34.8,36),
  ('2021-10-16',34.5,37),
  ('2021-10-16',34.5,38),
  ('2021-10-16',35.0,39),
  ('2021-10-16',36.2,40),
  ('2021-10-16',34.1,41),
  ('2021-10-16',37.0,42),
  ('2021-10-16',35.4,43),
  ('2021-10-16',37.5,44),
  ('2021-10-16',34.9,46),
  ('2021-10-16',34.6,47),
  ('2021-10-16',34.6,48),
  ('2021-10-16',34.1,49),
  ('2021-10-16',35.0,50),
  ('2021-10-16',37.2,51),
  ('2021-10-16',36.7,52),
  ('2021-10-16',35.3,53),
  ('2021-10-16',36.5,54),
  ('2021-10-16',34.8,55),
  ('2021-10-16',35.6,57),
  ('2021-10-16',35.7,58),
  ('2021-10-16',37.4,59),
  ('2021-10-16',35.1,60),
  ('2021-10-16',36.8,61),
  ('2021-10-16',34.1,62),
  ('2021-10-16',36.4,63),
  ('2021-10-16',35.6,64),
  ('2021-10-16',36.2,65),
  ('2021-10-16',36.8,66),
  ('2021-10-16',35.8,68),
  ('2021-10-16',36.8,69),
  ('2021-10-16',34.3,70),
  ('2021-10-16',37.0,71),
  ('2021-10-16',35.6,72),
  ('2021-10-16',34.6,73),
  ('2021-10-16',37.4,74),
  ('2021-10-16',35.3,75),
  ('2021-10-16',35.7,76),
  ('2021-10-16',34.9,77),
  ('2021-10-16',34.4,79),
  ('2021-10-16',34.9,80),
  ('2021-10-16',36.2,81),
  ('2021-10-16',37.4,82),
  ('2021-10-16',36.9,83),
  ('2021-10-16',35.5,84),
  ('2021-10-16',34.9,85),
  ('2021-10-16',34.2,86),
  ('2021-10-16',37.3,87),
  ('2021-10-16',35.8,88),
  ('2021-10-16',34.5,90),
  ('2021-10-16',34.2,91),
  ('2021-10-16',37.3,92),
  ('2021-10-16',34.1,93),
  ('2021-10-16',36.8,94),
  ('2021-10-16',35.5,95),
  ('2021-10-16',37.1,96),
  ('2021-10-16',35.8,97),
  ('2021-10-16',35.8,98),
  ('2021-10-16',36.5,99),

  ('2021-10-17',34.7,2),
  ('2021-10-17',37.0,3),
  ('2021-10-17',34.1,4),
  ('2021-10-17',34.5,5),
  ('2021-10-17',36.3,6),
  ('2021-10-17',36.6,7),
  ('2021-10-17',35.0,8),
  ('2021-10-17',37.0,9),
  ('2021-10-17',34.6,10),
  ('2021-10-17',34.5,11),
  ('2021-10-17',35.7,13),
  ('2021-10-17',36.5,14),
  ('2021-10-17',34.6,15),
  ('2021-10-17',37.0,16),
  ('2021-10-17',36.6,17),
  ('2021-10-17',36.0,18),
  ('2021-10-17',37.1,19),
  ('2021-10-17',35.8,20),
  ('2021-10-17',34.5,21),
  ('2021-10-17',34.3,22),
  ('2021-10-17',34.3,24),
  ('2021-10-17',34.1,25),
  ('2021-10-17',37.0,26),
  ('2021-10-17',34.5,27),
  ('2021-10-17',37.0,28),
  ('2021-10-17',36.8,29),
  ('2021-10-17',36.9,30),
  ('2021-10-17',35.2,31),
  ('2021-10-17',34.7,32),
  ('2021-10-17',36.5,33),
  ('2021-10-17',36.5,35),
  ('2021-10-17',34.3,36),
  ('2021-10-17',35.7,37),
  ('2021-10-17',37.3,38),
  ('2021-10-17',36.8,39),
  ('2021-10-17',36.1,40),
  ('2021-10-17',37.4,41),
  ('2021-10-17',37.3,42),
  ('2021-10-17',36.7,43),
  ('2021-10-17',37.1,44),
  ('2021-10-17',35.6,46),
  ('2021-10-17',35.3,47),
  ('2021-10-17',36.2,48),
  ('2021-10-17',35.9,49),
  ('2021-10-17',36.7,50),
  ('2021-10-17',34.1,51),
  ('2021-10-17',36.7,52),
  ('2021-10-17',35.2,53),
  ('2021-10-17',34.8,54),
  ('2021-10-17',36.5,55),
  ('2021-10-17',34.1,57),
  ('2021-10-17',37.0,58),
  ('2021-10-17',37.4,59),
  ('2021-10-17',34.9,60),
  ('2021-10-17',37.5,61),
  ('2021-10-17',34.8,62),
  ('2021-10-17',34.1,63),
  ('2021-10-17',35.8,64),
  ('2021-10-17',34.5,65),
  ('2021-10-17',34.9,66),
  ('2021-10-17',36.9,68),
  ('2021-10-17',34.6,69),
  ('2021-10-17',35.7,70),
  ('2021-10-17',36.5,71),
  ('2021-10-17',34.4,72),
  ('2021-10-17',34.3,73),
  ('2021-10-17',34.1,74),
  ('2021-10-17',34.7,75),
  ('2021-10-17',35.2,76),
  ('2021-10-17',36.2,77),
  ('2021-10-17',36.5,79),
  ('2021-10-17',35.8,80),
  ('2021-10-17',34.5,81),
  ('2021-10-17',35.1,82),
  ('2021-10-17',37.0,83),
  ('2021-10-17',36.6,84),
  ('2021-10-17',36.4,85),
  ('2021-10-17',34.5,86),
  ('2021-10-17',36.9,87),
  ('2021-10-17',36.2,88),
  ('2021-10-17',36.1,90),
  ('2021-10-17',37.3,91),
  ('2021-10-17',34.1,92),
  ('2021-10-17',34.8,93),
  ('2021-10-17',35.2,94),
  ('2021-10-17',36.5,95),
  ('2021-10-17',35.8,96),
  ('2021-10-17',34.6,97),
  ('2021-10-17',35.8,98),
  ('2021-10-17',34.9,99);

INSERT INTO Sessions (time,date,floor_num,room_num,booker_id,approval_id)
VALUES
  (3,'2021-10-13',1,2,51,null),
  (4,'2021-10-13',1,2,51,null),
  (5,'2021-10-13',1,2,51,null),
  (22,'2021-10-12',1,4,56,null),
  (23,'2021-10-12',1,4,56,null),
  (0,'2021-10-13',1,4,56,null),
  (6,'2021-10-13',1,2,62,null),
  (15,'2021-10-16',1,8,66,null),
  (8,'2021-10-11',1,10,71,null),
  (21,'2021-10-15',2,1,76,null),
  (10,'2021-10-14',2,3,81,null),
  (22,'2021-10-14',2,5,86,null),
  (2,'2021-10-15',2,7,91,null),
  (23,'2021-10-14',2,9,96,null);

INSERT INTO Joins (eid,time,date,floor_num,room_num)
VALUES
  (51,3,'2021-10-13',1,2),
  (1,3,'2021-10-13',1,2),
  (2,3,'2021-10-13',1,2),
  (3,3,'2021-10-13',1,2),
  (4,3,'2021-10-13',1,2),
  (5,3,'2021-10-13',1,2),
  (6,3,'2021-10-13',1,2),
  (7,3,'2021-10-13',1,2),
  (8,3,'2021-10-13',1,2),
  (81,3,'2021-10-13',1,2),

  (51,4,'2021-10-13',1,2),
  (1,4,'2021-10-13',1,2),
  (2,4,'2021-10-13',1,2),
  (3,4,'2021-10-13',1,2),
  (4,4,'2021-10-13',1,2),
  (5,4,'2021-10-13',1,2),
  (6,4,'2021-10-13',1,2),
  (7,4,'2021-10-13',1,2),
  (8,4,'2021-10-13',1,2),
  (81,4,'2021-10-13',1,2),

  (51,5,'2021-10-13',1,2),
  (1,5,'2021-10-13',1,2),
  (2,5,'2021-10-13',1,2),
  (3,5,'2021-10-13',1,2),
  (4,5,'2021-10-13',1,2),
  (5,5,'2021-10-13',1,2),
  (6,5,'2021-10-13',1,2),
  (7,5,'2021-10-13',1,2),
  (8,5,'2021-10-13',1,2),
  (81,5,'2021-10-13',1,2),

  (56,22,'2021-10-12',1,4),
  (9,22,'2021-10-12',1,4),
  (10,22,'2021-10-12',1,4),
  (11,22,'2021-10-12',1,4),
  (12,22,'2021-10-12',1,4),
  (13,22,'2021-10-12',1,4),
  (14,22,'2021-10-12',1,4),
  (15,22,'2021-10-12',1,4),
  (16,22,'2021-10-12',1,4),
  (83,22,'2021-10-12',1,4),

  (56,23,'2021-10-12',1,4),
  (9,23,'2021-10-12',1,4),
  (10,23,'2021-10-12',1,4),
  (11,23,'2021-10-12',1,4),
  (12,23,'2021-10-12',1,4),
  (13,23,'2021-10-12',1,4),
  (14,23,'2021-10-12',1,4),
  (15,23,'2021-10-12',1,4),
  (16,23,'2021-10-12',1,4),
  (83,23,'2021-10-12',1,4),

  (56,0,'2021-10-13',1,4),
  (9,0,'2021-10-13',1,4),
  (10,0,'2021-10-13',1,4),
  (11,0,'2021-10-13',1,4),
  (12,0,'2021-10-13',1,4),
  (13,0,'2021-10-13',1,4),
  (14,0,'2021-10-13',1,4),
  (15,0,'2021-10-13',1,4),
  (16,0,'2021-10-13',1,4),
  (83,0,'2021-10-13',1,4),

  (62,6,'2021-10-13',1,2),
  (17,6,'2021-10-13',1,2),
  (18,6,'2021-10-13',1,2),
  (19,6,'2021-10-13',1,2),
  (20,6,'2021-10-13',1,2),
  (21,6,'2021-10-13',1,2),
  (22,6,'2021-10-13',1,2),
  (23,6,'2021-10-13',1,2),
  (24,6,'2021-10-13',1,2),
  (85,6,'2021-10-13',1,2),

  (66,15,'2021-10-16',1,8),
  (25,15,'2021-10-16',1,8),
  (26,15,'2021-10-16',1,8),
  (27,15,'2021-10-16',1,8),
  (28,15,'2021-10-16',1,8),
  (29,15,'2021-10-16',1,8),
  (30,15,'2021-10-16',1,8),
  (31,15,'2021-10-16',1,8),
  (32,15,'2021-10-16',1,8),
  (87,15,'2021-10-16',1,8),

  (71,8,'2021-10-11',1,10),
  (33,8,'2021-10-11',1,10),
  (34,8,'2021-10-11',1,10),
  (35,8,'2021-10-11',1,10),
  (36,8,'2021-10-11',1,10),
  (37,8,'2021-10-11',1,10),
  (38,8,'2021-10-11',1,10),
  (39,8,'2021-10-11',1,10),
  (40,8,'2021-10-11',1,10),
  (89,8,'2021-10-11',1,10),

  (76,21,'2021-10-15',2,1),
  (41,21,'2021-10-15',2,1),
  (42,21,'2021-10-15',2,1),
  (43,21,'2021-10-15',2,1),
  (44,21,'2021-10-15',2,1),
  (45,21,'2021-10-15',2,1),
  (46,21,'2021-10-15',2,1),
  (47,21,'2021-10-15',2,1),
  (48,21,'2021-10-15',2,1),
  (91,21,'2021-10-15',2,1),

  (81,10,'2021-10-14',2,3),
  (49,10,'2021-10-14',2,3),
  (50,10,'2021-10-14',2,3),
  (51,10,'2021-10-14',2,3),
  (52,10,'2021-10-14',2,3),
  (53,10,'2021-10-14',2,3),
  (54,10,'2021-10-14',2,3),
  (55,10,'2021-10-14',2,3),
  (56,10,'2021-10-14',2,3),
  (57,10,'2021-10-14',2,3),

  (86,22,'2021-10-14',2,5),
  (58,22,'2021-10-14',2,5),
  (59,22,'2021-10-14',2,5),
  (60,22,'2021-10-14',2,5),
  (61,22,'2021-10-14',2,5),
  (62,22,'2021-10-14',2,5),
  (63,22,'2021-10-14',2,5),
  (64,22,'2021-10-14',2,5),
  (65,22,'2021-10-14',2,5),
  (66,22,'2021-10-14',2,5),

  (91,2,'2021-10-15',2,7),
  (92,2,'2021-10-15',2,7),
  (93,2,'2021-10-15',2,7),
  (94,2,'2021-10-15',2,7),
  (95,2,'2021-10-15',2,7),
  (96,2,'2021-10-15',2,7),
  (97,2,'2021-10-15',2,7),
  (98,2,'2021-10-15',2,7),
  (99,2,'2021-10-15',2,7),
  (100,2,'2021-10-15',2,7),

  (96,23,'2021-10-14',2,9),
  (71,23,'2021-10-14',2,9),
  (72,23,'2021-10-14',2,9),
  (73,23,'2021-10-14',2,9),
  (74,23,'2021-10-14',2,9),
  (75,23,'2021-10-14',2,9),
  (76,23,'2021-10-14',2,9),
  (77,23,'2021-10-14',2,9),
  (78,23,'2021-10-14',2,9),
  (79,23,'2021-10-14',2,9);
