
INSERT INTO Departments (did,dname)
VALUES
  (1,'Production'),
  (2,'Research and Development'),
  (3,'Purchasing'),
  (4,'Marketing'),
  (5,'Human Resource Management'),
  (6,'Accounting and Finance'),
  (7,'Quality Control'),
  (8,'Maintenance'),
  (9,'Information Technology'),
  (10,'Security');

INSERT INTO Employees (eid,ename,home_num,mobile_num,office_num,email,res_date,did)
VALUES
  (1,'Jacqueline Mcfarland','66520696','98708131','82874607','dapibus.id@sed.co.uk',CURRENT_DATE,1),
  (2,'Ralph Sims','68516838','85328924','89187151','dictum@phasellusin.com',null,2),
  (3,'Herman Perkins','68081386','85285185','86133683','suspendisse@vulputatelacus.org',null,3),
  (4,'Chase Spence','62698540','86577433','84464508','venenatis@inceptos.ca',null,4),
  (5,'Zeph Small','68548828','88428693','83836842','volutpat.ornare@consectetueripsum.co.uk',null,5),
  (6,'Hayley Townsend','64137563','95523158','86061607','malesuada.integer.id@curaedonectincidunt.org',null,6),
  (7,'Brian Meyers','67106776','93794618','80224543','mauris.blandit@ligulaaliquam.co.uk',null,7),
  (8,'Summer Webster','68587351','88534582','81015376','blandit.enim.consequat@pedecumsociis.co.uk',null,8),
  (9,'Hilel Mcconnell','61688105','91084020','83147683','mollis.integer@netusetmalesuada.net',null,9),
  (10,'Amy Strickland','65616932','97433588','88569960','egestas.hendrerit@semmolestie.ca',null,10),

  (11,'Hollee Nicholson','65834691','81757441','81860881','lobortis.nisi@cras.com',CURRENT_DATE,1),
  (12,'Donna Pace','67912890','84328382','81815771','enim.etiam@euismodetcommodo.edu',null,2),
  (13,'Neville Hayden','62827885','86362766','83587207','ligula@etmalesuadafames.ca',null,3),
  (14,'Flynn Bridges','66711022','82478571','84155512','magna.sed@mus.edu',null,4),
  (15,'Blossom Rosa','67124633','91347743','82263673','pellentesque.massa@mollisvitae.ca',null,5),
  (16,'Lydia Juarez','65601517','88234290','87776317','nisi.a@integeraliquamadipiscing.edu',null,6),
  (17,'Curran Morales','62196735','86258735','81336080','pede.nonummy@loremipsum.org',null,7),
  (18,'Tatum King','67377557','97238588','87889623','imperdiet.erat@nullatincidunt.ca',null,8),
  (19,'Alisa Roy','67882977','80233233','86265065','phasellus@velconvallisin.com',null,9),
  (20,'Michael Deleon','69376570','84741529','85776458','aliquet.diam@urnaut.net',null,10),

  (21,'Leilani Cole','66028488','90775678','87752155','cras.eu@etultricesposuere.org',CURRENT_DATE + 2,1),
  (22,'Blake Morris','62872342','97788996','85315385','mi.duis@atlibero.com',null,2),
  (23,'Angela Cardenas','65218031','89325858','80859813','aliquet.libero.integer@pharetrautpharetra.net',null,3),
  (24,'Hilda Howard','65177272','92357658','81743172','dolor.fusce@suscipitest.org',null,4),
  (25,'Lacey Buckner','68281544','83544140','86826797','mauris.ipsum@acfermentum.com',null,5),
  (26,'Xander O''connor','65284676','93101435','88570069','ipsum.primis@quisturpisvitae.org',null,6),
  (27,'Ezra Jackson','67258426','94261204','84937487','rhoncus.donec@lobortisnisi.co.uk',null,7),
  (28,'Ramona Dejesus','66862381','98584263','87135264','justo.nec@pede.co.uk',null,8),
  (29,'Cody Gaines','63764698','98038526','86130813','urna.nullam.lobortis@ultrices.edu',null,9),
  (30,'Vincent Hunt','67220638','96694586','81817477','tempor.arcu.vestibulum@tellusjusto.ca',null,10),

  (31,'Sylvia Wilkerson','64644563','92545185','84866296','et.magna@posuereenim.edu',CURRENT_DATE + 2,1),
  (32,'Melanie Savage','61653864','88113663','88408951','tristique.senectus.et@eleifendnecmalesuada.ca',null,2),
  (33,'Rose Byers','62442127','92608390','85222112','massa.lobortis.ultrices@acmattisvelit.co.uk',null,3),
  (34,'Quinn Briggs','66678327','83825881','81442052','rutrum@suscipit.com',null,4),
  (35,'Alana Shelton','63735269','81622382','83135466','pellentesque.habitant@dictum.net',null,5),
  (36,'Akeem Day','68102804','91256732','88457422','sagittis.felis@lacusvarius.net',null,6),
  (37,'Jasmine Richard','68963744','95256751','85642773','mollis.vitae@necluctus.org',null,7),
  (38,'Walter Jones','62287011','93116675','84334354','lacus.varius@inornaresagittis.org',null,8),
  (39,'Chase Knowles','68427367','82371742','86624764','at.velit@necurnasuscipit.edu',null,9),
  (40,'Keaton Hooper','63894967','90680837','82766831','nibh.aliquam@atpretiumaliquet.co.uk',null,10),

  (41,'Kitra Shelton','62449933','97821965','86555282','phasellus.fermentum.convallis@velest.org',CURRENT_DATE + 4,1),
  (42,'Conan Hancock','62614404','84324872','84778383','consectetuer.adipiscing.elit@in.net',null,2),
  (43,'Hammett Hewitt','68886492','87504464','87919925','feugiat@a.edu',null,3),
  (44,'Fuller Arnold','66507721','94724028','88123731','dictum.mi.ac@atvelitpellentesque.co.uk',null,4),
  (45,'Mercedes Vega','61397876','91371424','87292368','curabitur@molestie.org',null,5),
  (46,'Serina Schmidt','67944129','87784449','81154336','porttitor.interdum@pharetranibh.net',null,6),
  (47,'Myra Heath','62868478','90736575','88571525','egestas@estvitae.net',null,7),
  (48,'Devin Meyers','68887596','84580410','84332705','metus.aenean.sed@massa.org',null,8),
  (49,'Lionel Kim','65061442','93698486','83591886','nulla.dignissim@massa.co.uk',null,9),
  (50,'Yen Wynn','63251815','86165236','87571781','tristique.aliquet@arcu.co.uk',null,10),

  (51,'Nerea Reid','61035816','94323881','85747987','ullamcorper.magna@duisa.ca',CURRENT_DATE + 4,1),
  (52,'Aiko Moses','69358685','95418581','83566084','nisi@uttinciduntorci.co.uk',null,2),
  (53,'Byron Nguyen','67423105','81629088','81154807','eget.odio@proinvelit.edu',null,3),
  (54,'Julian Porter','64264625','97137391','87673466','pharetra.nam@maurismolestie.com',null,4),
  (55,'Brendan Ratliff','63427433','90713132','80362622','fringilla@tellus.org',null,5),
  (56,'Chaim Reynolds','63775956','81657452','87346656','cursus.non@duis.ca',null,6),
  (57,'Amos Mathis','62363222','86393779','86774658','massa.lobortis@suspendissedui.edu',null,7),
  (58,'Lamar Lindsey','66555841','83167785','88753388','lorem.ut@quampellentesque.ca',null,8),
  (59,'Kyra Carrillo','66875539','87280566','82405978','elit.pede@laciniaatiaculis.co.uk',null,9),
  (60,'Eve Decker','69381889','86383114','85816345','mi.pede@egestasadui.com',null,10),

  (61,'Harrison Foster','64251768','92711570','85665121','nibh@tinciduntorciquis.com',CURRENT_DATE + 6,1),
  (62,'Mariko Mack','65374464','82443361','87275612','magnis.dis@necdiamduis.ca',null,2),
  (63,'Mara Rhodes','64064648','82136193','87458887','amet.faucibus@venenatislacus.com',null,3),
  (64,'Charissa Dotson','61653514','84225674','80811358','et.magnis@posuerecubilia.edu',null,4),
  (65,'Dale Pierce','60824728','94220116','86083889','interdum.libero@utnulla.com',null,5),
  (66,'Samuel Kline','68652842','97515532','88218246','venenatis@a.net',null,6),
  (67,'Justine Bradley','63784479','87876797','82986899','turpis.egestas@aliquamornarelibero.net',null,7),
  (68,'Carol Hudson','61393001','96281444','83574927','taciti.sociosqu@egestasligula.co.uk',null,8),
  (69,'Ryder Malone','60464116','81500611','85433345','tortor.at.risus@ultrices.com',null,9),
  (70,'Heidi Parrish','60150855','96767202','85812338','quis.pede@auctorvelit.ca',null,10),

  (71,'Fallon Whitfield','65916620','95831284','88218256','eu.accumsan@risusdonecnibh.co.uk',CURRENT_DATE + 6,1),
  (72,'Xavier Acevedo','67441775','85352875','85811484','amet@ligula.com',null,2),
  (73,'Liberty Roman','60042215','92760642','87358481','odio.nam.interdum@dictumsapien.edu',null,3),
  (74,'Yardley Rhodes','60001281','82522726','84574202','dolor.elit@luctusaliquet.ca',null,4),
  (75,'Carl Whitaker','61396736','85806583','84023438','vehicula.et@laciniasedcongue.org',null,5),
  (76,'Merritt Fulton','64915772','89267270','84352862','sodales.elit@maurisid.org',null,6),
  (77,'Indigo Santos','65224728','86921612','88870111','elit@orciquis.com',null,7),
  (78,'August Glenn','64775824','91298507','82262311','cursus.nunc.mauris@tempuslorem.com',null,8),
  (79,'Drake Tyson','65643150','85526965','87832858','sem.elit@ametconsectetueradipiscing.co.uk',null,9),
  (80,'Kirby Barker','67631635','96528531','89113107','erat.etiam.vestibulum@nisi.org',null,10),

  (81,'Lewis Hall','66170755','86691825','87427686','per.inceptos.hymenaeos@eleifendnuncrisus.ca',CURRENT_DATE + 7,1),
  (82,'Kelsie Simon','63937727','94478710','88839941','ipsum.suspendisse@nisidictumaugue.co.uk',null,2),
  (83,'Denise Cervantes','66239825','89349818','85025114','lobortis@ligulaconsectetuer.co.uk',null,3),
  (84,'Matthew Houston','61162587','92724335','89332146','sed@erat.org',null,4),
  (85,'Ariel Hinton','66516850','97771726','88122441','praesent.eu@urnanunc.net',null,5),
  (86,'Imogene Hoffman','61112330','88875506','87542959','velit.sed@vulputateveliteu.org',null,6),
  (87,'Madonna Erickson','64747278','83226874','84505574','volutpat.nunc@nulla.ca',null,7),
  (88,'Leah Berry','61881554','89109085','86761322','et.rutrum@felisorciadipiscing.org',null,8),
  (89,'Curran Harrell','64228485','94843641','87887977','eget@lectusrutrumurna.ca',null,9),
  (90,'Stacey Garner','69534134','86283262','86647245','libero.integer@adlitoratorquent.co.uk',null,10),

  (91,'Dustin Underwood','60267983','87221547','88493821','interdum.ligula@maurisid.edu',CURRENT_DATE + 7,1),
  (92,'Damon Castillo','68341676','93919348','81822674','magna.nam@porttitorvulputate.co.uk',null,2),
  (93,'Sage Dennis','67753344','98561537','85248856','quis.accumsan@tortornibh.org',null,3),
  (94,'Colt Booker','61373973','80197556','88626955','interdum@aliquet.net',null,4),
  (95,'Regan Baxter','64761737','89414223','80941816','ante.dictum@arcueu.edu',null,5),
  (96,'Devin Shannon','61872263','92395841','86173783','eu.erat@tinciduntneque.ca',null,6),
  (97,'Ava Ramirez','68656261','90789787','84328271','consectetuer.adipiscing@orciut.co.uk',null,7),
  (98,'Lars Burton','65867645','94991789','82702070','odio@netuset.com',null,8),
  (99,'Emerson Rogers','61241538','94452131','85626596','integer.vitae@convallis.co.uk',null,9),
  (100,'Hanna House','67367265','93772832','81554374','facilisis@ut.net',null,10);


INSERT INTO Juniors (eid)
VALUES
  (1),
  (2),
  (3),
  (4),
  (5),
  (6),
  (7),
  (8),
  (9),
  (10),
  (11),
  (12),
  (13),
  (14),
  (15),
  (16),
  (17),
  (18),
  (19),
  (20),
  (21),
  (22),
  (23),
  (24),
  (25),
  (26),
  (27),
  (28),
  (29),
  (30),
  (31),
  (32),
  (33),
  (34),
  (35),
  (36),
  (37),
  (38),
  (39),
  (40),
  (41),
  (42),
  (43),
  (44),
  (45),
  (46),
  (47),
  (48),
  (49),
  (50);

INSERT INTO Bookers (eid)
VALUES
  (51),
  (52),
  (53),
  (54),
  (55),
  (56),
  (57),
  (58),
  (59),
  (60),
  (61),
  (62),
  (63),
  (64),
  (65),
  (66),
  (67),
  (68),
  (69),
  (70),
  (71),
  (72),
  (73),
  (74),
  (75),
  (76),
  (77),
  (78),
  (79),
  (80),
  (81),
  (82),
  (83),
  (84),
  (85),
  (86),
  (87),
  (88),
  (89),
  (90),
  (91),
  (92),
  (93),
  (94),
  (95),
  (96),
  (97),
  (98),
  (99),
  (100);

INSERT INTO Seniors (eid)
VALUES
  (51),
  (52),
  (53),
  (54),
  (55),
  (56),
  (57),
  (58),
  (59),
  (60),
  (61),
  (62),
  (63),
  (64),
  (65),
  (66),
  (67),
  (68),
  (69),
  (70),
  (71),
  (72),
  (73),
  (74),
  (75),
  (76),
  (77),
  (78),
  (79),
  (80);

INSERT INTO Managers (eid)
VALUES
  (81),
  (82),
  (83),
  (84),
  (85),
  (86),
  (87),
  (88),
  (89),
  (90),
  (91),
  (92),
  (93),
  (94),
  (95),
  (96),
  (97),
  (98),
  (99),
  (100);

INSERT INTO MeetingRooms (floor_num,room_num,rname,did)
VALUES
  (1,1,'Mauris Aliquam PC',1),
  (1,2,'Elementum Sem Limited',2),
  (1,3,'Laoreet Libero Et Limited',3),
  (1,4,'Aliquet Incorporated',4),
  (1,5,'Porttitor Interdum Corporation',5),
  (1,6,'Sit Amet Foundation',6),
  (1,7,'Suscipit Incorporated',7),
  (1,8,'Arcu Vel Industries',8),
  (1,9,'Ut Inc.',9),
  (1,10,'Laoreet Libero Et Limited',10),
  (2,1,'Mauris Consulting',1),
  (2,2,'Suscipit Incorporated',2),
  (2,3,'Iaculis Nec Corp.',3),
  (2,4,'Ante Iaculis Nec Associates',4),
  (2,5,'Auctor Velit Institute',5),
  (2,6,'Duis Gravida Associates',6),
  (2,7,'Lobortis Augue Corporation',7),
  (2,8,'Ut Inc.',8),
  (2,9,'At Company',9),
  (2,10,'Fermentum Arcu Company',10);



INSERT INTO Updates (date,new_cap,floor_num,room_num,eid)
VALUES

-- Sets the original capacity of meeting rooms
  (CURRENT_DATE,3,1,1,81),
  (CURRENT_DATE,5,1,2,82),
  (CURRENT_DATE,7,1,3,83),
  (CURRENT_DATE,9,1,4,84),
  (CURRENT_DATE,11,1,5,85),
  (CURRENT_DATE,13,1,6,86),
  (CURRENT_DATE,15,1,7,87),
  (CURRENT_DATE,17,1,8,88),
  (CURRENT_DATE,20,1,9,89),
  (CURRENT_DATE,24,1,10,90),
  (CURRENT_DATE,29,2,1,91),
  (CURRENT_DATE,34,2,2,92),
  (CURRENT_DATE,36,2,3,93),
  (CURRENT_DATE,39,2,4,94),
  (CURRENT_DATE,40,2,5,95),
  (CURRENT_DATE,41,2,6,96),
  (CURRENT_DATE,45,2,7,97),
  (CURRENT_DATE,45,2,8,98),
  (CURRENT_DATE,48,2,9,99),
  (CURRENT_DATE,50,2,10,100),

-- Modifications to meeting room capacity
  (CURRENT_DATE + 1,30,2,1,81),
  (CURRENT_DATE + 1,16,2,2,82),
  (CURRENT_DATE + 2,14,2,3,83),
  (CURRENT_DATE + 3,12,2,4,84),
  (CURRENT_DATE + 4,8,2,5,85),
  (CURRENT_DATE + 6,6,2,6,86),
  (CURRENT_DATE + 6,4,2,7,87),
  (CURRENT_DATE + 7,2,2,8,88),
  (CURRENT_DATE + 7,2,2,9,89),
  (CURRENT_DATE + 7,2,2,10,90);

INSERT INTO HealthDeclarations (date,temp,eid)
VALUES
  (CURRENT_DATE,37.2,2),
  (CURRENT_DATE,37.0,3),
  (CURRENT_DATE,34.1,4),
  (CURRENT_DATE,36.6,5),
  (CURRENT_DATE,34.5,6),
  (CURRENT_DATE,37.1,7),
  (CURRENT_DATE,36.1,8),
  (CURRENT_DATE,36.1,9),
  (CURRENT_DATE,36.7,10),
  (CURRENT_DATE,37.1,11),
  (CURRENT_DATE,34.2,12),
  (CURRENT_DATE,36.4,13),
  (CURRENT_DATE,35.3,14),
  (CURRENT_DATE,36.7,15),
  (CURRENT_DATE,34.1,16),
  (CURRENT_DATE,35.2,17),
  (CURRENT_DATE,37.1,18),
  (CURRENT_DATE,35.4,19),
  (CURRENT_DATE,36.5,20),
  (CURRENT_DATE,36.7,21),
  (CURRENT_DATE,36.2,22),
  (CURRENT_DATE,34.9,23),
  (CURRENT_DATE,35.0,24),
  (CURRENT_DATE,34.9,25),
  (CURRENT_DATE,36.5,26),
  (CURRENT_DATE,34.9,27),
  (CURRENT_DATE,37.2,28),
  (CURRENT_DATE,37.5,29),
  (CURRENT_DATE,37.4,30),
  (CURRENT_DATE,35.7,31),
  (CURRENT_DATE,36.8,32),
  (CURRENT_DATE,34.1,33),
  (CURRENT_DATE,36.2,34),
  (CURRENT_DATE,37.0,35),
  (CURRENT_DATE,35.0,36),
  (CURRENT_DATE,34.3,37),
  (CURRENT_DATE,37.5,38),
  (CURRENT_DATE,34.6,39),
  (CURRENT_DATE,36.3,40),
  (CURRENT_DATE,34.5,41),
  (CURRENT_DATE,37.2,42),
  (CURRENT_DATE,37.1,43),
  (CURRENT_DATE,37.3,44),
  (CURRENT_DATE,37.2,45),
  (CURRENT_DATE,36.2,46),
  (CURRENT_DATE,35.6,47),
  (CURRENT_DATE,34.9,48),
  (CURRENT_DATE,36.1,49),
  (CURRENT_DATE,34.1,50),
  (CURRENT_DATE,37.0,51),
  (CURRENT_DATE,36.6,52),
  (CURRENT_DATE,37.2,53),
  (CURRENT_DATE,34.8,54), 
  (CURRENT_DATE,36.1,55),
  (CURRENT_DATE,35.3,56),
  (CURRENT_DATE,36.6,57),
  (CURRENT_DATE,35.1,58),
  (CURRENT_DATE,37.3,59),
  (CURRENT_DATE,37.0,60),
  (CURRENT_DATE,36.7,61),
  (CURRENT_DATE,34.2,62),
  (CURRENT_DATE,34.6,63),
  (CURRENT_DATE,34.1,64),
  (CURRENT_DATE,36.3,65),
  (CURRENT_DATE,34.5,66),
  (CURRENT_DATE,34.6,67),
  (CURRENT_DATE,36.8,68),
  (CURRENT_DATE,37.1,69),
  (CURRENT_DATE,34.0,70),
  (CURRENT_DATE,34.5,71),
  (CURRENT_DATE,34.6,72),
  (CURRENT_DATE,35.9,73),
  (CURRENT_DATE,37.2,74),
  (CURRENT_DATE,37.3,75),
  (CURRENT_DATE,34.9,76),
  (CURRENT_DATE,34.8,77),
  (CURRENT_DATE,36.4,78),
  (CURRENT_DATE,34.5,79),
  (CURRENT_DATE,34.0,80),
  (CURRENT_DATE,34.3,81),
  (CURRENT_DATE,34.8,82),
  (CURRENT_DATE,35.8,83),
  (CURRENT_DATE,35.3,84),
  (CURRENT_DATE,36.1,85),
  (CURRENT_DATE,37.0,86),
  (CURRENT_DATE,34.0,87),
  (CURRENT_DATE,36.1,88),
  (CURRENT_DATE,34.8,89),
  (CURRENT_DATE,37.0,90),
  (CURRENT_DATE,36.1,91),
  (CURRENT_DATE,34.9,92),
  (CURRENT_DATE,35.0,93),
  (CURRENT_DATE,36.1,94),
  (CURRENT_DATE,34.1,95),
  (CURRENT_DATE,36.0,96),
  (CURRENT_DATE,35.2,97),
  (CURRENT_DATE,36.9,98),
  (CURRENT_DATE,37.4,99),

  (CURRENT_DATE + 1,37.0,2),
  (CURRENT_DATE + 1,34.4,3),
  (CURRENT_DATE + 1,36.8,4),
  (CURRENT_DATE + 1,36.7,5),
  (CURRENT_DATE + 1,37.2,6),
  (CURRENT_DATE + 1,34.6,7),
  (CURRENT_DATE + 1,35.1,8),
  (CURRENT_DATE + 1,35.2,9),
  (CURRENT_DATE + 1,37.1,10),
  (CURRENT_DATE + 1,36.0,11),
  (CURRENT_DATE + 1,35.4,13),
  (CURRENT_DATE + 1,37.0,14),
  (CURRENT_DATE + 1,35.6,15),
  (CURRENT_DATE + 1,36.4,16),
  (CURRENT_DATE + 1,35.5,17),
  (CURRENT_DATE + 1,35.2,18),
  (CURRENT_DATE + 1,35.0,19),
  (CURRENT_DATE + 1,36.3,20),
  (CURRENT_DATE + 1,34.7,21),
  (CURRENT_DATE + 1,34.5,22),
  (CURRENT_DATE + 1,34.2,23),
  (CURRENT_DATE + 1,35.5,24),
  (CURRENT_DATE + 1,34.7,25),
  (CURRENT_DATE + 1,37.2,26),
  (CURRENT_DATE + 1,34.6,27),
  (CURRENT_DATE + 1,35.9,28),
  (CURRENT_DATE + 1,34.5,29),
  (CURRENT_DATE + 1,34.2,30),
  (CURRENT_DATE + 1,36.9,31),
  (CURRENT_DATE + 1,35.1,32),
  (CURRENT_DATE + 1,35.0,33),
  (CURRENT_DATE + 1,36.1,34),
  (CURRENT_DATE + 1,36.7,35),
  (CURRENT_DATE + 1,37.1,36),
  (CURRENT_DATE + 1,34.1,37),
  (CURRENT_DATE + 1,37.2,38),
  (CURRENT_DATE + 1,35.1,39),
  (CURRENT_DATE + 1,34.4,40),
  (CURRENT_DATE + 1,36.5,41),
  (CURRENT_DATE + 1,35.9,42),
  (CURRENT_DATE + 1,35.6,43),
  (CURRENT_DATE + 1,36.0,44),
  (CURRENT_DATE + 1,35.5,45),
  (CURRENT_DATE + 1,36.7,46),
  (CURRENT_DATE + 1,35.0,47),
  (CURRENT_DATE + 1,37.4,48),
  (CURRENT_DATE + 1,34.8,49),
  (CURRENT_DATE + 1,37.1,50),
  (CURRENT_DATE + 1,35.8,51),
  (CURRENT_DATE + 1,35.8,52),
  (CURRENT_DATE + 1,35.4,53),
  (CURRENT_DATE + 1,37.4,54),
  (CURRENT_DATE + 1,34.1,55),
  (CURRENT_DATE + 1,34.0,56),
  (CURRENT_DATE + 1,35.0,57),
  (CURRENT_DATE + 1,34.6,58),
  (CURRENT_DATE + 1,37.4,59),
  (CURRENT_DATE + 1,35.4,60),
  (CURRENT_DATE + 1,35.5,61),
  (CURRENT_DATE + 1,34.3,62),
  (CURRENT_DATE + 1,37.3,63),
  (CURRENT_DATE + 1,36.2,64),
  (CURRENT_DATE + 1,36.3,65),
  (CURRENT_DATE + 1,34.3,66),
  (CURRENT_DATE + 1,37.2,67),
  (CURRENT_DATE + 1,34.2,68),
  (CURRENT_DATE + 1,34.4,69),
  (CURRENT_DATE + 1,37.3,70),
  (CURRENT_DATE + 1,34.5,71),
  (CURRENT_DATE + 1,34.0,72),
  (CURRENT_DATE + 1,35.5,73),
  (CURRENT_DATE + 1,34.8,74),
  (CURRENT_DATE + 1,36.5,75),
  (CURRENT_DATE + 1,34.3,76),
  (CURRENT_DATE + 1,36.7,77),
  (CURRENT_DATE + 1,37.2,78),
  (CURRENT_DATE + 1,36.4,79),
  (CURRENT_DATE + 1,36.6,80),
  (CURRENT_DATE + 1,35.6,81),
  (CURRENT_DATE + 1,37.0,82),
  (CURRENT_DATE + 1,37.1,83),
  (CURRENT_DATE + 1,36.3,84),
  (CURRENT_DATE + 1,36.8,85),
  (CURRENT_DATE + 1,36.0,86),
  (CURRENT_DATE + 1,35.5,87),
  (CURRENT_DATE + 1,35.1,88),
  (CURRENT_DATE + 1,35.9,89),
  (CURRENT_DATE + 1,37.3,90),
  (CURRENT_DATE + 1,34.1,91),
  (CURRENT_DATE + 1,34.7,92),
  (CURRENT_DATE + 1,36.1,93),
  (CURRENT_DATE + 1,35.5,94),
  (CURRENT_DATE + 1,36.9,95),
  (CURRENT_DATE + 1,36.9,96),
  (CURRENT_DATE + 1,36.6,97),
  (CURRENT_DATE + 1,35.0,98),
  (CURRENT_DATE + 1,37.2,99),
  (CURRENT_DATE + 1,36.3,100),

  (CURRENT_DATE + 2,36.5,2),
  (CURRENT_DATE + 2,36.2,3),
  (CURRENT_DATE + 2,35.1,4),
  (CURRENT_DATE + 2,36.8,5),
  (CURRENT_DATE + 2,35.1,6),
  (CURRENT_DATE + 2,36.4,7),
  (CURRENT_DATE + 2,34.8,8),
  (CURRENT_DATE + 2,36.8,9),
  (CURRENT_DATE + 2,35.6,10),
  (CURRENT_DATE + 2,37.5,11),
  (CURRENT_DATE + 2,37.0,13),
  (CURRENT_DATE + 2,36.4,14),
  (CURRENT_DATE + 2,36.6,15),
  (CURRENT_DATE + 2,34.9,16),
  (CURRENT_DATE + 2,36.0,17),
  (CURRENT_DATE + 2,35.7,18),
  (CURRENT_DATE + 2,37.4,19),
  (CURRENT_DATE + 2,35.5,20),
  (CURRENT_DATE + 2,35.6,21),
  (CURRENT_DATE + 2,34.6,22),
  (CURRENT_DATE + 2,35.5,24),
  (CURRENT_DATE + 2,36.3,25),
  (CURRENT_DATE + 2,36.3,26),
  (CURRENT_DATE + 2,34.1,27),
  (CURRENT_DATE + 2,36.3,28),
  (CURRENT_DATE + 2,36.4,29),
  (CURRENT_DATE + 2,35.5,30),
  (CURRENT_DATE + 2,36.4,31),
  (CURRENT_DATE + 2,34.4,32),
  (CURRENT_DATE + 2,37.4,33),
  (CURRENT_DATE + 2,35.8,34),
  (CURRENT_DATE + 2,34.9,35),
  (CURRENT_DATE + 2,34.0,36),
  (CURRENT_DATE + 2,35.2,37),
  (CURRENT_DATE + 2,34.0,38),
  (CURRENT_DATE + 2,35.3,39),
  (CURRENT_DATE + 2,37.1,40),
  (CURRENT_DATE + 2,34.7,41),
  (CURRENT_DATE + 2,35.1,42),
  (CURRENT_DATE + 2,37.2,43),
  (CURRENT_DATE + 2,36.0,44),
  (CURRENT_DATE + 2,35.3,45),
  (CURRENT_DATE + 2,35.0,46),
  (CURRENT_DATE + 2,35.9,47),
  (CURRENT_DATE + 2,35.6,48),
  (CURRENT_DATE + 2,35.6,49),
  (CURRENT_DATE + 2,36.5,50),
  (CURRENT_DATE + 2,36.8,51),
  (CURRENT_DATE + 2,35.8,52),
  (CURRENT_DATE + 2,35.7,53),
  (CURRENT_DATE + 2,36.4,54),
  (CURRENT_DATE + 2,36.6,55),
  (CURRENT_DATE + 2,37.2,56),
  (CURRENT_DATE + 2,34.8,57),
  (CURRENT_DATE + 2,36.7,58),
  (CURRENT_DATE + 2,34.5,59),
  (CURRENT_DATE + 2,36.6,60),
  (CURRENT_DATE + 2,36.1,61),
  (CURRENT_DATE + 2,34.8,62),
  (CURRENT_DATE + 2,34.1,63),
  (CURRENT_DATE + 2,37.4,64),
  (CURRENT_DATE + 2,36.8,65),
  (CURRENT_DATE + 2,36.7,66),
  (CURRENT_DATE + 2,35.3,67),
  (CURRENT_DATE + 2,34.5,68),
  (CURRENT_DATE + 2,34.4,69),
  (CURRENT_DATE + 2,34.9,70),
  (CURRENT_DATE + 2,34.2,71),
  (CURRENT_DATE + 2,34.2,72),
  (CURRENT_DATE + 2,35.1,73),
  (CURRENT_DATE + 2,36.3,74),
  (CURRENT_DATE + 2,35.2,75),
  (CURRENT_DATE + 2,37.3,76),
  (CURRENT_DATE + 2,36.3,77),
  (CURRENT_DATE + 2,34.7,78),
  (CURRENT_DATE + 2,34.9,79),
  (CURRENT_DATE + 2,36.8,80),
  (CURRENT_DATE + 2,35.1,81),
  (CURRENT_DATE + 2,35.9,82),
  (CURRENT_DATE + 2,36.6,83),
  (CURRENT_DATE + 2,35.6,84),
  (CURRENT_DATE + 2,36.3,85),
  (CURRENT_DATE + 2,36.3,86),
  (CURRENT_DATE + 2,34.4,87),
  (CURRENT_DATE + 2,35.2,88),
  (CURRENT_DATE + 2,34.3,89),
  (CURRENT_DATE + 2,36.4,90),
  (CURRENT_DATE + 2,34.5,91),
  (CURRENT_DATE + 2,37.2,92),
  (CURRENT_DATE + 2,36.0,93),
  (CURRENT_DATE + 2,35.1,94),
  (CURRENT_DATE + 2,35.6,95),
  (CURRENT_DATE + 2,34.3,96),
  (CURRENT_DATE + 2,34.5,97),
  (CURRENT_DATE + 2,36.1,98),
  (CURRENT_DATE + 2,36.7,99),
  (CURRENT_DATE + 2,36.8,100),

  (CURRENT_DATE + 3,36.0,2),
  (CURRENT_DATE + 3,36.2,3),
  (CURRENT_DATE + 3,36.0,4),
  (CURRENT_DATE + 3,35.4,5),
  (CURRENT_DATE + 3,34.5,6),
  (CURRENT_DATE + 3,34.2,7),
  (CURRENT_DATE + 3,34.5,8),
  (CURRENT_DATE + 3,34.3,9),
  (CURRENT_DATE + 3,34.3,10),
  (CURRENT_DATE + 3,34.9,11),
  (CURRENT_DATE + 3,36.8,13),
  (CURRENT_DATE + 3,34.8,14),
  (CURRENT_DATE + 3,37.0,15),
  (CURRENT_DATE + 3,34.1,16),
  (CURRENT_DATE + 3,35.9,17),
  (CURRENT_DATE + 3,34.9,18),
  (CURRENT_DATE + 3,34.9,19),
  (CURRENT_DATE + 3,36.0,20),
  (CURRENT_DATE + 3,37.0,21),
  (CURRENT_DATE + 3,35.7,22),
  (CURRENT_DATE + 3,34.8,24),
  (CURRENT_DATE + 3,34.4,25),
  (CURRENT_DATE + 3,34.6,26),
  (CURRENT_DATE + 3,35.6,27),
  (CURRENT_DATE + 3,36.8,28),
  (CURRENT_DATE + 3,37.4,29),
  (CURRENT_DATE + 3,34.8,30),
  (CURRENT_DATE + 3,34.8,31),
  (CURRENT_DATE + 3,35.8,32),
  (CURRENT_DATE + 3,36.5,33),
  (CURRENT_DATE + 3,35.5,35),
  (CURRENT_DATE + 3,37.1,36),
  (CURRENT_DATE + 3,36.8,37),
  (CURRENT_DATE + 3,37.4,38),
  (CURRENT_DATE + 3,35.1,39),
  (CURRENT_DATE + 3,36.0,40),
  (CURRENT_DATE + 3,34.3,41),
  (CURRENT_DATE + 3,34.7,42),
  (CURRENT_DATE + 3,36.9,43),
  (CURRENT_DATE + 3,36.9,44),
  (CURRENT_DATE + 3,34.2,46),
  (CURRENT_DATE + 3,36.6,47),
  (CURRENT_DATE + 3,34.3,48),
  (CURRENT_DATE + 3,37.3,49),
  (CURRENT_DATE + 3,34.2,50),
  (CURRENT_DATE + 3,34.2,51),
  (CURRENT_DATE + 3,35.9,52),
  (CURRENT_DATE + 3,37.1,53),
  (CURRENT_DATE + 3,34.9,54),
  (CURRENT_DATE + 3,36.1,55),
  (CURRENT_DATE + 3,36.2,56),
  (CURRENT_DATE + 3,35.0,57),
  (CURRENT_DATE + 3,34.6,58),
  (CURRENT_DATE + 3,37.3,59),
  (CURRENT_DATE + 3,35.6,60),
  (CURRENT_DATE + 3,36.8,61),
  (CURRENT_DATE + 3,34.2,62),
  (CURRENT_DATE + 3,36.2,63),
  (CURRENT_DATE + 3,35.4,64),
  (CURRENT_DATE + 3,36.6,65),
  (CURRENT_DATE + 3,35.0,66),
  (CURRENT_DATE + 3,35.5,67),
  (CURRENT_DATE + 3,34.3,68),
  (CURRENT_DATE + 3,36.5,69),
  (CURRENT_DATE + 3,35.3,70),
  (CURRENT_DATE + 3,37.0,71),
  (CURRENT_DATE + 3,35.1,72),
  (CURRENT_DATE + 3,37.0,73),
  (CURRENT_DATE + 3,36.6,74),
  (CURRENT_DATE + 3,34.2,75),  
  (CURRENT_DATE + 3,36.6,76),
  (CURRENT_DATE + 3,35.3,77),
  (CURRENT_DATE + 3,35.6,78),
  (CURRENT_DATE + 3,36.0,79),
  (CURRENT_DATE + 3,36.1,80),
  (CURRENT_DATE + 3,35.0,81),
  (CURRENT_DATE + 3,37.0,82),
  (CURRENT_DATE + 3,36.7,83),
  (CURRENT_DATE + 3,36.2,84),
  (CURRENT_DATE + 3,37.1,85),
  (CURRENT_DATE + 3,35.7,86),
  (CURRENT_DATE + 3,37.4,87),
  (CURRENT_DATE + 3,34.8,88),
  (CURRENT_DATE + 3,34.2,89),
  (CURRENT_DATE + 3,34.0,90),
  (CURRENT_DATE + 3,34.4,91),
  (CURRENT_DATE + 3,35.2,92),
  (CURRENT_DATE + 3,34.9,93),
  (CURRENT_DATE + 3,36.8,94),
  (CURRENT_DATE + 3,36.8,95),
  (CURRENT_DATE + 3,36.2,96),
  (CURRENT_DATE + 3,36.1,97),
  (CURRENT_DATE + 3,34.2,98),
  (CURRENT_DATE + 3,34.4,99),
  (CURRENT_DATE + 3,36.1,100),

  (CURRENT_DATE + 4,34.0,2),
  (CURRENT_DATE + 4,36.3,3),
  (CURRENT_DATE + 4,36.6,4),
  (CURRENT_DATE + 4,35.7,5),
  (CURRENT_DATE + 4,35.0,7),
  (CURRENT_DATE + 4,37.3,8),
  (CURRENT_DATE + 4,36.7,9),
  (CURRENT_DATE + 4,36.6,10),
  (CURRENT_DATE + 4,35.2,11),
  (CURRENT_DATE + 4,34.3,13),
  (CURRENT_DATE + 4,36.8,14),
  (CURRENT_DATE + 4,37.1,15),
  (CURRENT_DATE + 4,36.3,16),
  (CURRENT_DATE + 4,35.8,17),
  (CURRENT_DATE + 4,35.9,18),
  (CURRENT_DATE + 4,36.1,19),
  (CURRENT_DATE + 4,34.5,20),
  (CURRENT_DATE + 4,35.0,21),
  (CURRENT_DATE + 4,35.4,22),
  (CURRENT_DATE + 4,34.3,24),
  (CURRENT_DATE + 4,36.1,25),
  (CURRENT_DATE + 4,35.7,26),
  (CURRENT_DATE + 4,35.9,27),
  (CURRENT_DATE + 4,36.8,28),
  (CURRENT_DATE + 4,34.8,29),
  (CURRENT_DATE + 4,36.6,30),
  (CURRENT_DATE + 4,35.5,31),
  (CURRENT_DATE + 4,34.2,32),
  (CURRENT_DATE + 4,36.1,33),
  (CURRENT_DATE + 4,37.3,35),
  (CURRENT_DATE + 4,37.0,36),
  (CURRENT_DATE + 4,34.4,37),
  (CURRENT_DATE + 4,37.4,38),
  (CURRENT_DATE + 4,34.4,39),
  (CURRENT_DATE + 4,36.8,40),
  (CURRENT_DATE + 4,35.6,41),
  (CURRENT_DATE + 4,34.8,42),
  (CURRENT_DATE + 4,35.7,43),
  (CURRENT_DATE + 4,34.3,44),
  (CURRENT_DATE + 4,37.4,46),
  (CURRENT_DATE + 4,35.1,47),
  (CURRENT_DATE + 4,36.6,48),
  (CURRENT_DATE + 4,34.4,49),
  (CURRENT_DATE + 4,35.6,50),
  (CURRENT_DATE + 4,34.2,51),
  (CURRENT_DATE + 4,37.5,52),
  (CURRENT_DATE + 4,37.4,53),
  (CURRENT_DATE + 4,34.0,54),
  (CURRENT_DATE + 4,35.8,55),
  (CURRENT_DATE + 4,36.0,57),
  (CURRENT_DATE + 4,35.1,58),
  (CURRENT_DATE + 4,36.6,59),
  (CURRENT_DATE + 4,34.5,60),
  (CURRENT_DATE + 4,34.4,61),
  (CURRENT_DATE + 4,37.4,62),
  (CURRENT_DATE + 4,36.6,63),
  (CURRENT_DATE + 4,36.1,64),
  (CURRENT_DATE + 4,34.7,65),
  (CURRENT_DATE + 4,36.7,66),
  (CURRENT_DATE + 4,34.7,67),
  (CURRENT_DATE + 4,36.1,68),
  (CURRENT_DATE + 4,34.0,69),
  (CURRENT_DATE + 4,37.5,70),
  (CURRENT_DATE + 4,35.2,71),
  (CURRENT_DATE + 4,37.4,73),
  (CURRENT_DATE + 4,34.5,74),
  (CURRENT_DATE + 4,37.2,75),
  (CURRENT_DATE + 4,34.7,76),
  (CURRENT_DATE + 4,35.5,77),
  (CURRENT_DATE + 4,36.3,78),
  (CURRENT_DATE + 4,36.8,79),
  (CURRENT_DATE + 4,36.4,80),
  (CURRENT_DATE + 4,35.9,81),
  (CURRENT_DATE + 4,35.8,82),
  (CURRENT_DATE + 4,37.1,83),
  (CURRENT_DATE + 4,35.3,84),
  (CURRENT_DATE + 4,37.4,85),
  (CURRENT_DATE + 4,34.3,86),
  (CURRENT_DATE + 4,34.8,87),
  (CURRENT_DATE + 4,34.4,88),
  (CURRENT_DATE + 4,37.1,89),
  (CURRENT_DATE + 4,35.6,90),
  (CURRENT_DATE + 4,35.7,91),
  (CURRENT_DATE + 4,34.7,92),
  (CURRENT_DATE + 4,36.5,93),
  (CURRENT_DATE + 4,34.4,94),
  (CURRENT_DATE + 4,34.7,95),
  (CURRENT_DATE + 4,37.4,96),
  (CURRENT_DATE + 4,34.2,97),
  (CURRENT_DATE + 4,35.0,98),
  (CURRENT_DATE + 4,36.6,99),
  (CURRENT_DATE + 4,34.2,100),

  (CURRENT_DATE + 5,36.7,2),
  (CURRENT_DATE + 5,37.2,3),
  (CURRENT_DATE + 5,35.1,4),
  (CURRENT_DATE + 5,36.1,5),
  (CURRENT_DATE + 5,36.1,6),
  (CURRENT_DATE + 5,36.1,7),
  (CURRENT_DATE + 5,34.6,8),
  (CURRENT_DATE + 5,35.7,9),
  (CURRENT_DATE + 5,35.4,10),
  (CURRENT_DATE + 5,34.3,11),
  (CURRENT_DATE + 5,37.2,13),
  (CURRENT_DATE + 5,37.1,14),
  (CURRENT_DATE + 5,34.5,15),
  (CURRENT_DATE + 5,34.3,16),
  (CURRENT_DATE + 5,36.6,17),
  (CURRENT_DATE + 5,36.0,18),
  (CURRENT_DATE + 5,34.5,19),
  (CURRENT_DATE + 5,34.9,20),
  (CURRENT_DATE + 5,37.3,21),
  (CURRENT_DATE + 5,37.2,22),
  (CURRENT_DATE + 5,35.7,24),
  (CURRENT_DATE + 5,36.4,25),
  (CURRENT_DATE + 5,35.2,26),
  (CURRENT_DATE + 5,34.2,27),
  (CURRENT_DATE + 5,37.1,28),
  (CURRENT_DATE + 5,36.6,29),
  (CURRENT_DATE + 5,34.6,30),
  (CURRENT_DATE + 5,34.0,31),
  (CURRENT_DATE + 5,35.2,32),
  (CURRENT_DATE + 5,36.1,33),
  (CURRENT_DATE + 5,37.0,35),
  (CURRENT_DATE + 5,34.5,36),
  (CURRENT_DATE + 5,34.1,37),
  (CURRENT_DATE + 5,35.4,38),
  (CURRENT_DATE + 5,36.0,39),
  (CURRENT_DATE + 5,35.1,40),
  (CURRENT_DATE + 5,36.2,41),
  (CURRENT_DATE + 5,36.5,42),
  (CURRENT_DATE + 5,34.2,43),
  (CURRENT_DATE + 5,34.5,44),
  (CURRENT_DATE + 5,34.1,46),
  (CURRENT_DATE + 5,36.6,47),
  (CURRENT_DATE + 5,37.5,48),
  (CURRENT_DATE + 5,35.5,49),
  (CURRENT_DATE + 5,36.6,50),
  (CURRENT_DATE + 5,35.7,51),
  (CURRENT_DATE + 5,35.3,53),
  (CURRENT_DATE + 5,35.6,54),
  (CURRENT_DATE + 5,36.8,55),
  (CURRENT_DATE + 5,34.9,57),
  (CURRENT_DATE + 5,37.1,58),
  (CURRENT_DATE + 5,36.2,59),
  (CURRENT_DATE + 5,34.7,60),
  (CURRENT_DATE + 5,36.9,61),
  (CURRENT_DATE + 5,37.4,62),
  (CURRENT_DATE + 5,36.7,63),
  (CURRENT_DATE + 5,34.7,64),
  (CURRENT_DATE + 5,35.9,65),
  (CURRENT_DATE + 5,36.1,66),
  (CURRENT_DATE + 5,35.7,68),
  (CURRENT_DATE + 5,34.5,69),
  (CURRENT_DATE + 5,35.6,70),
  (CURRENT_DATE + 5,35.0,71),
  (CURRENT_DATE + 5,34.4,72),
  (CURRENT_DATE + 5,35.1,73),
  (CURRENT_DATE + 5,36.7,74),
  (CURRENT_DATE + 5,35.3,75),
  (CURRENT_DATE + 5,35.3,76),
  (CURRENT_DATE + 5,37.3,77),
  (CURRENT_DATE + 5,37.4,79),
  (CURRENT_DATE + 5,37.3,80),
  (CURRENT_DATE + 5,36.3,81),
  (CURRENT_DATE + 5,37.1,82),
  (CURRENT_DATE + 5,37.4,83),
  (CURRENT_DATE + 5,34.6,84),
  (CURRENT_DATE + 5,35.2,85),
  (CURRENT_DATE + 5,36.3,86),
  (CURRENT_DATE + 5,34.5,87),
  (CURRENT_DATE + 5,37.2,88),
  (CURRENT_DATE + 5,36.4,90),
  (CURRENT_DATE + 5,37.3,91),
  (CURRENT_DATE + 5,35.4,92),
  (CURRENT_DATE + 5,35.3,93),
  (CURRENT_DATE + 5,37.3,94),
  (CURRENT_DATE + 5,37.4,95),
  (CURRENT_DATE + 5,37.0,96),
  (CURRENT_DATE + 5,35.9,97),
  (CURRENT_DATE + 5,36.8,98),
  (CURRENT_DATE + 5,37.2,99),
  (CURRENT_DATE + 5,35.6,100),

  (CURRENT_DATE + 6,34.3,2),
  (CURRENT_DATE + 6,37.2,3),
  (CURRENT_DATE + 6,37.5,4),
  (CURRENT_DATE + 6,34.7,5),
  (CURRENT_DATE + 6,36.8,6),
  (CURRENT_DATE + 6,35.4,7),
  (CURRENT_DATE + 6,37.5,8),
  (CURRENT_DATE + 6,34.2,9),
  (CURRENT_DATE + 6,34.4,10),
  (CURRENT_DATE + 6,37.4,11),
  (CURRENT_DATE + 6,35.7,13),
  (CURRENT_DATE + 6,34.7,14),
  (CURRENT_DATE + 6,37.4,15),
  (CURRENT_DATE + 6,37.4,16),
  (CURRENT_DATE + 6,35.7,17),
  (CURRENT_DATE + 6,36.9,18),
  (CURRENT_DATE + 6,35.6,19),
  (CURRENT_DATE + 6,37.3,20),
  (CURRENT_DATE + 6,35.6,21),
  (CURRENT_DATE + 6,36.7,22),
  (CURRENT_DATE + 6,35.1,24),
  (CURRENT_DATE + 6,37.3,25),
  (CURRENT_DATE + 6,35.7,26),
  (CURRENT_DATE + 6,34.8,27),
  (CURRENT_DATE + 6,36.2,28),
  (CURRENT_DATE + 6,34.4,31),
  (CURRENT_DATE + 6,34.3,32),
  (CURRENT_DATE + 6,34.2,33),
  (CURRENT_DATE + 6,34.6,35),
  (CURRENT_DATE + 6,34.8,36),
  (CURRENT_DATE + 6,34.5,37),
  (CURRENT_DATE + 6,34.5,38),
  (CURRENT_DATE + 6,35.0,39),
  (CURRENT_DATE + 6,36.2,40),
  (CURRENT_DATE + 6,34.1,41),
  (CURRENT_DATE + 6,37.0,42),
  (CURRENT_DATE + 6,35.4,43),
  (CURRENT_DATE + 6,37.5,44),
  (CURRENT_DATE + 6,34.9,46),
  (CURRENT_DATE + 6,34.6,47),
  (CURRENT_DATE + 6,34.6,48),
  (CURRENT_DATE + 6,34.1,49),
  (CURRENT_DATE + 6,35.0,50),
  (CURRENT_DATE + 6,37.2,51),
  (CURRENT_DATE + 6,36.7,52),
  (CURRENT_DATE + 6,35.3,53),
  (CURRENT_DATE + 6,36.5,54),
  (CURRENT_DATE + 6,34.8,55),
  (CURRENT_DATE + 6,35.6,57),
  (CURRENT_DATE + 6,35.7,58),
  (CURRENT_DATE + 6,37.4,59),
  (CURRENT_DATE + 6,35.1,60),
  (CURRENT_DATE + 6,36.8,61),
  (CURRENT_DATE + 6,34.1,62),
  (CURRENT_DATE + 6,36.4,63),
  (CURRENT_DATE + 6,35.6,64),
  (CURRENT_DATE + 6,36.2,65),
  (CURRENT_DATE + 6,36.8,66),
  (CURRENT_DATE + 6,35.8,68),
  (CURRENT_DATE + 6,36.8,69),
  (CURRENT_DATE + 6,34.3,70),
  (CURRENT_DATE + 6,37.0,71),
  (CURRENT_DATE + 6,35.6,72),
  (CURRENT_DATE + 6,34.6,73),
  (CURRENT_DATE + 6,37.4,74),
  (CURRENT_DATE + 6,35.3,75),
  (CURRENT_DATE + 6,35.7,76),
  (CURRENT_DATE + 6,34.9,77),
  (CURRENT_DATE + 6,34.4,79),
  (CURRENT_DATE + 6,34.9,80),
  (CURRENT_DATE + 6,36.2,81),
  (CURRENT_DATE + 6,37.4,82),
  (CURRENT_DATE + 6,36.9,83),
  (CURRENT_DATE + 6,35.5,84),
  (CURRENT_DATE + 6,34.9,85),
  (CURRENT_DATE + 6,34.2,86),
  (CURRENT_DATE + 6,37.3,87),
  (CURRENT_DATE + 6,35.8,88),
  (CURRENT_DATE + 6,34.5,90),
  (CURRENT_DATE + 6,34.2,91),
  (CURRENT_DATE + 6,37.3,92),
  (CURRENT_DATE + 6,34.1,93),
  (CURRENT_DATE + 6,36.8,94),
  (CURRENT_DATE + 6,35.5,95),
  (CURRENT_DATE + 6,37.1,96),
  (CURRENT_DATE + 6,35.8,97),
  (CURRENT_DATE + 6,35.8,98),
  (CURRENT_DATE + 6,36.5,99),

  (CURRENT_DATE + 7,34.7,2),
  (CURRENT_DATE + 7,37.0,3),
  (CURRENT_DATE + 7,34.1,4),
  (CURRENT_DATE + 7,34.5,5),
  (CURRENT_DATE + 7,36.6,7),
  (CURRENT_DATE + 7,35.0,8),
  (CURRENT_DATE + 7,37.0,9),
  (CURRENT_DATE + 7,34.6,10),
  (CURRENT_DATE + 7,34.5,11),
  (CURRENT_DATE + 7,35.7,13),
  (CURRENT_DATE + 7,36.5,14),
  (CURRENT_DATE + 7,34.6,15),
  (CURRENT_DATE + 7,37.0,16),
  (CURRENT_DATE + 7,36.6,17),
  (CURRENT_DATE + 7,36.0,18),
  (CURRENT_DATE + 7,37.1,19),
  (CURRENT_DATE + 7,35.8,20),
  (CURRENT_DATE + 7,34.5,21),
  (CURRENT_DATE + 7,34.3,22),
  (CURRENT_DATE + 7,34.3,24),
  (CURRENT_DATE + 7,34.1,25),
  (CURRENT_DATE + 7,37.0,26),
  (CURRENT_DATE + 7,34.5,27),
  (CURRENT_DATE + 7,37.0,28),
  (CURRENT_DATE + 7,36.8,29),
  (CURRENT_DATE + 7,36.9,30),
  (CURRENT_DATE + 7,35.2,31),
  (CURRENT_DATE + 7,34.7,32),
  (CURRENT_DATE + 7,36.5,33),
  (CURRENT_DATE + 7,36.5,35),
  (CURRENT_DATE + 7,34.3,36),
  (CURRENT_DATE + 7,35.7,37),
  (CURRENT_DATE + 7,37.3,38),
  (CURRENT_DATE + 7,36.8,39),
  (CURRENT_DATE + 7,36.1,40),
  (CURRENT_DATE + 7,37.4,41),
  (CURRENT_DATE + 7,37.3,42),
  (CURRENT_DATE + 7,36.7,43),
  (CURRENT_DATE + 7,37.1,44),
  (CURRENT_DATE + 7,35.6,46),
  (CURRENT_DATE + 7,35.3,47),
  (CURRENT_DATE + 7,36.2,48),
  (CURRENT_DATE + 7,35.9,49),
  (CURRENT_DATE + 7,36.7,50),
  (CURRENT_DATE + 7,34.1,51),
  (CURRENT_DATE + 7,36.7,52),
  (CURRENT_DATE + 7,35.2,53),
  (CURRENT_DATE + 7,34.8,54),
  (CURRENT_DATE + 7,36.5,55),
  (CURRENT_DATE + 7,34.1,57),
  (CURRENT_DATE + 7,37.0,58),
  (CURRENT_DATE + 7,37.4,59),
  (CURRENT_DATE + 7,34.9,60),
  (CURRENT_DATE + 7,37.5,61),
  (CURRENT_DATE + 7,34.8,62),
  (CURRENT_DATE + 7,34.1,63),
  (CURRENT_DATE + 7,35.8,64),
  (CURRENT_DATE + 7,34.5,65),
  (CURRENT_DATE + 7,34.9,66),
  (CURRENT_DATE + 7,36.9,68),
  (CURRENT_DATE + 7,34.6,69),
  (CURRENT_DATE + 7,35.7,70),
  (CURRENT_DATE + 7,36.5,71),
  (CURRENT_DATE + 7,34.4,72),
  (CURRENT_DATE + 7,34.3,73),
  (CURRENT_DATE + 7,34.1,74),
  (CURRENT_DATE + 7,34.7,75),
  (CURRENT_DATE + 7,35.2,76),
  (CURRENT_DATE + 7,36.2,77),
  (CURRENT_DATE + 7,36.5,79),
  (CURRENT_DATE + 7,35.8,80),
  (CURRENT_DATE + 7,34.5,81),
  (CURRENT_DATE + 7,35.1,82),
  (CURRENT_DATE + 7,37.0,83),
  (CURRENT_DATE + 7,36.6,84),
  (CURRENT_DATE + 7,36.4,85),
  (CURRENT_DATE + 7,34.5,86),
  (CURRENT_DATE + 7,36.1,90),
  (CURRENT_DATE + 7,37.3,91),
  (CURRENT_DATE + 7,34.1,92),
  (CURRENT_DATE + 7,34.8,93),
  (CURRENT_DATE + 7,35.2,94),
  (CURRENT_DATE + 7,36.5,95),
  (CURRENT_DATE + 7,35.8,96),
  (CURRENT_DATE + 7,34.6,97),
  (CURRENT_DATE + 7,35.8,98),
  (CURRENT_DATE + 7,34.9,99);

INSERT INTO Sessions (time,date,floor_num,room_num,booker_id,approval_id)
VALUES
  (3,CURRENT_DATE + 3,1,2,51,null),
  (4,CURRENT_DATE + 3,1,2,51,null),
  (5,CURRENT_DATE + 3,1,2,51,null),
  (22,CURRENT_DATE + 2,1,4,56,null),
  (23,CURRENT_DATE + 2,1,4,56,null),
  (0,CURRENT_DATE + 3,1,4,56,null),
  (6,CURRENT_DATE + 3,1,2,62,null),
  (15,CURRENT_DATE + 6,1,8,66,null),
  (8,CURRENT_DATE + 1,1,10,71,null),
  (21,CURRENT_DATE + 5,2,1,76,null),
  (10,CURRENT_DATE + 4,2,3,81,null),
  (22,CURRENT_DATE + 4,2,5,86,null),
  (2,CURRENT_DATE + 5,2,7,91,null),
  (23,CURRENT_DATE + 4,2,9,96,null);

INSERT INTO Joins (eid,time,date,floor_num,room_num)
VALUES
  (51,3,CURRENT_DATE + 3,1,2),
  (1,3,CURRENT_DATE + 3,1,2),
  (2,3,CURRENT_DATE + 3,1,2),
  (3,3,CURRENT_DATE + 3,1,2),
  (4,3,CURRENT_DATE + 3,1,2),
  (5,3,CURRENT_DATE + 3,1,2),
  (6,3,CURRENT_DATE + 3,1,2),
  (7,3,CURRENT_DATE + 3,1,2),
  (8,3,CURRENT_DATE + 3,1,2),
  (81,3,CURRENT_DATE + 3,1,2),

  (51,4,CURRENT_DATE + 3,1,2),
  (1,4,CURRENT_DATE + 3,1,2),
  (2,4,CURRENT_DATE + 3,1,2),
  (3,4,CURRENT_DATE + 3,1,2),
  (4,4,CURRENT_DATE + 3,1,2),
  (5,4,CURRENT_DATE + 3,1,2),
  (6,4,CURRENT_DATE + 3,1,2),
  (7,4,CURRENT_DATE + 3,1,2),
  (8,4,CURRENT_DATE + 3,1,2),
  (81,4,CURRENT_DATE + 3,1,2),

  (51,5,CURRENT_DATE + 3,1,2),
  (1,5,CURRENT_DATE + 3,1,2),
  (2,5,CURRENT_DATE + 3,1,2),
  (3,5,CURRENT_DATE + 3,1,2),
  (4,5,CURRENT_DATE + 3,1,2),
  (5,5,CURRENT_DATE + 3,1,2),
  (6,5,CURRENT_DATE + 3,1,2),
  (7,5,CURRENT_DATE + 3,1,2),
  (8,5,CURRENT_DATE + 3,1,2),
  (81,5,CURRENT_DATE + 3,1,2),

  (56,22,CURRENT_DATE + 2,1,4),
  (9,22,CURRENT_DATE + 2,1,4),
  (10,22,CURRENT_DATE + 2,1,4),
  (11,22,CURRENT_DATE + 2,1,4),
  (12,22,CURRENT_DATE + 2,1,4),
  (13,22,CURRENT_DATE + 2,1,4),
  (14,22,CURRENT_DATE + 2,1,4),
  (15,22,CURRENT_DATE + 2,1,4),
  (16,22,CURRENT_DATE + 2,1,4),
  (83,22,CURRENT_DATE + 2,1,4),

  (56,23,CURRENT_DATE + 2,1,4),
  (9,23,CURRENT_DATE + 2,1,4),
  (10,23,CURRENT_DATE + 2,1,4),
  (11,23,CURRENT_DATE + 2,1,4),
  (12,23,CURRENT_DATE + 2,1,4),
  (13,23,CURRENT_DATE + 2,1,4),
  (14,23,CURRENT_DATE + 2,1,4),
  (15,23,CURRENT_DATE + 2,1,4),
  (16,23,CURRENT_DATE + 2,1,4),
  (83,23,CURRENT_DATE + 2,1,4),

  (56,0,CURRENT_DATE + 3,1,4),
  (9,0,CURRENT_DATE + 3,1,4),
  (10,0,CURRENT_DATE + 3,1,4),
  (11,0,CURRENT_DATE + 3,1,4),
  (12,0,CURRENT_DATE + 3,1,4),
  (13,0,CURRENT_DATE + 3,1,4),
  (14,0,CURRENT_DATE + 3,1,4),
  (15,0,CURRENT_DATE + 3,1,4),
  (16,0,CURRENT_DATE + 3,1,4),
  (83,0,CURRENT_DATE + 3,1,4),

  (62,6,CURRENT_DATE + 3,1,2),
  (17,6,CURRENT_DATE + 3,1,2),
  (18,6,CURRENT_DATE + 3,1,2),
  (19,6,CURRENT_DATE + 3,1,2),
  (20,6,CURRENT_DATE + 3,1,2),
  (21,6,CURRENT_DATE + 3,1,2),
  (22,6,CURRENT_DATE + 3,1,2),
  (23,6,CURRENT_DATE + 3,1,2),
  (24,6,CURRENT_DATE + 3,1,2),
  (85,6,CURRENT_DATE + 3,1,2),

  (66,15,CURRENT_DATE + 6,1,8),
  (25,15,CURRENT_DATE + 6,1,8),
  (26,15,CURRENT_DATE + 6,1,8),
  (27,15,CURRENT_DATE + 6,1,8),
  (28,15,CURRENT_DATE + 6,1,8),
  (29,15,CURRENT_DATE + 6,1,8),
  (30,15,CURRENT_DATE + 6,1,8),
  (31,15,CURRENT_DATE + 6,1,8),
  (32,15,CURRENT_DATE + 6,1,8),
  (87,15,CURRENT_DATE + 6,1,8),

  (71,8,CURRENT_DATE + 1,1,10),
  (33,8,CURRENT_DATE + 1,1,10),
  (34,8,CURRENT_DATE + 1,1,10),
  (35,8,CURRENT_DATE + 1,1,10),
  (36,8,CURRENT_DATE + 1,1,10),
  (37,8,CURRENT_DATE + 1,1,10),
  (38,8,CURRENT_DATE + 1,1,10),
  (39,8,CURRENT_DATE + 1,1,10),
  (40,8,CURRENT_DATE + 1,1,10),
  (89,8,CURRENT_DATE + 1,1,10),

  (76,21,CURRENT_DATE + 5,2,1),
  (41,21,CURRENT_DATE + 5,2,1),
  (42,21,CURRENT_DATE + 5,2,1),
  (43,21,CURRENT_DATE + 5,2,1),
  (44,21,CURRENT_DATE + 5,2,1),
  (45,21,CURRENT_DATE + 5,2,1),
  (46,21,CURRENT_DATE + 5,2,1),
  (47,21,CURRENT_DATE + 5,2,1),
  (48,21,CURRENT_DATE + 5,2,1),
  (91,21,CURRENT_DATE + 5,2,1),

  (81,10,CURRENT_DATE + 4,2,3),
  (49,10,CURRENT_DATE + 4,2,3),
  (50,10,CURRENT_DATE + 4,2,3),
  (51,10,CURRENT_DATE + 4,2,3),
  (52,10,CURRENT_DATE + 4,2,3),
  (53,10,CURRENT_DATE + 4,2,3),
  (54,10,CURRENT_DATE + 4,2,3),
  (55,10,CURRENT_DATE + 4,2,3),
  (56,10,CURRENT_DATE + 4,2,3),
  (57,10,CURRENT_DATE + 4,2,3),

  (86,22,CURRENT_DATE + 4,2,5),
  (58,22,CURRENT_DATE + 4,2,5),
  (59,22,CURRENT_DATE + 4,2,5),
  (60,22,CURRENT_DATE + 4,2,5),
  (61,22,CURRENT_DATE + 4,2,5),
  (62,22,CURRENT_DATE + 4,2,5),
  (63,22,CURRENT_DATE + 4,2,5),
  (64,22,CURRENT_DATE + 4,2,5),
  (65,22,CURRENT_DATE + 4,2,5),
  (66,22,CURRENT_DATE + 4,2,5),

  (91,2,CURRENT_DATE + 5,2,7),
  (92,2,CURRENT_DATE + 5,2,7),
  (93,2,CURRENT_DATE + 5,2,7),
  (94,2,CURRENT_DATE + 5,2,7),
  (95,2,CURRENT_DATE + 5,2,7),
  (96,2,CURRENT_DATE + 5,2,7),
  (97,2,CURRENT_DATE + 5,2,7),
  (98,2,CURRENT_DATE + 5,2,7),
  (99,2,CURRENT_DATE + 5,2,7),
  (100,2,CURRENT_DATE + 5,2,7),

  (96,23,CURRENT_DATE + 4,2,9),
  (71,23,CURRENT_DATE + 4,2,9),
  (72,23,CURRENT_DATE + 4,2,9),
  (73,23,CURRENT_DATE + 4,2,9),
  (74,23,CURRENT_DATE + 4,2,9),
  (75,23,CURRENT_DATE + 4,2,9),
  (76,23,CURRENT_DATE + 4,2,9),
  (77,23,CURRENT_DATE + 4,2,9),
  (78,23,CURRENT_DATE + 4,2,9),
  (79,23,CURRENT_DATE + 4,2,9);
